report_date,report_month,process,product,dpd_bucket,segment,model_name,model_version,optimizer_name,cnt_clients,cnt_scored,cnt_approved_for_communication,cnt_rejected_by_optimizer,reject_share,target_rate,gini,avg_score,median_score,p90_score,high_risk_share,score_missing_rate,feature_missing_rate,empty_feature_vector_share,psi_score,psi_features,communication_call_share,communication_visit_share,communication_sms_share,communication_waiting_share,communication_agency_share,unknown_communication_share,event_type,is_expected_event
2026-03-28,2026-03,data_quality_monitoring,cash_loan,31-60,base,collection_score_v1,1.0,all,9011,8751.0,,,,,,0.5044,0.4798,0.7274,,0.0091,0.0181,0.0028,0.0425,0.0348,,,,,,0.006,normal,False
2026-03-28,2026-03,model_monitoring,credit_card,31-60,base,collection_score_v1,1.0,all,9479,9265.0,,,,0.1667,0.4339,0.5152,0.5038,0.7447,0.2012,0.0061,0.0154,0.0023,0.0411,0.0484,,,,,,,normal,False
2026-03-28,2026-03,optimizer_monitoring,cash_loan,31-60,regular_flow,all,all,collection_contact_optimizer,10629,,7245.0,2097.0,0.1973,,,,,,,,,,,,0.3047,0.1643,0.2563,0.1379,0.0977,0.0117,normal,False
2026-03-28,2026-03,process_monitoring,cash_loan,31-60,regular_flow,all,all,all,12079,11641.0,,,,0.1722,,0.4796,0.481,0.7175,0.1899,0.0067,0.0198,0.0024,0.0353,0.0456,,,,,,,normal,False
2026-03-28,2026-03,process_monitoring,cash_loan,61-90,new_high_risk,all,all,all,1867,1769.0,,,,0.2427,,0.5629,0.5533,0.7839,0.2328,0.0094,0.021,0.0025,0.0431,0.0506,,,,,,,normal,False
2026-03-28,2026-03,process_monitoring,credit_card,1-30,regular_flow,all,all,all,5012,4773.0,,,,0.1366,,0.463,0.4423,0.6979,0.1498,0.0087,0.0186,0.0037,0.0392,0.0429,,,,,,,normal,False
2026-03-29,2026-03,data_quality_monitoring,cash_loan,31-60,base,collection_score_v1,1.0,all,9272,8984.0,,,,,,0.4928,0.4913,0.7318,,0.0127,0.0225,0.0032,0.0423,0.0329,,,,,,0.0044,normal,False
2026-03-29,2026-03,model_monitoring,credit_card,31-60,base,collection_score_v1,1.0,all,9463,9246.0,,,,0.1686,0.435,0.4979,0.503,0.7519,0.197,0.0046,0.0151,0.0018,0.0412,0.0451,,,,,,,normal,False
2026-03-29,2026-03,optimizer_monitoring,cash_loan,31-60,regular_flow,all,all,collection_contact_optimizer,10796,,7192.0,2125.0,0.1968,,,,,,,,,,,,0.3051,0.1587,0.2382,0.1339,0.1016,0.0117,normal,False
2026-03-29,2026-03,process_monitoring,cash_loan,31-60,regular_flow,all,all,all,11950,11428.0,,,,0.182,,0.4911,0.4855,0.7166,0.191,0.0089,0.0174,0.0022,0.0317,0.0382,,,,,,,normal,False
2026-03-29,2026-03,process_monitoring,cash_loan,61-90,new_high_risk,all,all,all,1698,1595.0,,,,0.2328,,0.5494,0.542,0.7836,0.2146,0.0094,0.0246,0.0028,0.0437,0.0403,,,,,,,normal,False
2026-03-29,2026-03,process_monitoring,credit_card,1-30,regular_flow,all,all,all,4970,4712.0,,,,0.1352,,0.4639,0.4462,0.6901,0.1524,0.0097,0.0213,0.0029,0.0379,0.0446,,,,,,,normal,False
2026-03-30,2026-03,data_quality_monitoring,cash_loan,31-60,base,collection_score_v1,1.0,all,8791,8479.0,,,,,,0.5116,0.5021,0.7286,,0.0092,0.0244,0.0022,0.0305,0.0439,,,,,,0.0046,normal,False
2026-03-30,2026-03,model_monitoring,credit_card,31-60,base,collection_score_v1,1.0,all,9269,9088.0,,,,0.1763,0.431,0.5092,0.502,0.7604,0.2011,0.0056,0.0172,0.0022,0.0477,0.0459,,,,,,,normal,False
2026-03-30,2026-03,optimizer_monitoring,cash_loan,31-60,regular_flow,all,all,collection_contact_optimizer,10998,,7515.0,2185.0,0.1987,,,,,,,,,,,,0.3113,0.1605,0.2552,0.1277,0.0998,0.0083,normal,False
2026-03-30,2026-03,process_monitoring,cash_loan,31-60,regular_flow,all,all,all,12519,11968.0,,,,0.1715,,0.4921,0.4735,0.7167,0.1863,0.0078,0.0201,0.0021,0.0342,0.0348,,,,,,,normal,False
2026-03-30,2026-03,process_monitoring,cash_loan,61-90,new_high_risk,all,all,all,1837,1736.0,,,,0.2442,,0.5528,0.5575,0.7835,0.2191,0.0099,0.0207,0.0033,0.0377,0.0389,,,,,,,normal,False
2026-03-30,2026-03,process_monitoring,credit_card,1-30,regular_flow,all,all,all,5724,5389.0,,,,0.1381,,0.4596,0.4641,0.6912,0.1549,0.0083,0.0176,0.0024,0.0364,0.0556,,,,,,,normal,False
2026-03-31,2026-03,data_quality_monitoring,cash_loan,31-60,base,collection_score_v1,1.0,all,9073,8787.0,,,,,,0.4991,0.4804,0.7281,,0.0095,0.0207,0.0026,0.0374,0.0461,,,,,,0.0052,normal,False
2026-03-31,2026-03,model_monitoring,credit_card,31-60,base,collection_score_v1,1.0,all,9235,9109.0,,,,0.1649,0.4234,0.5229,0.5203,0.7406,0.1982,0.0063,0.0185,0.0016,0.0388,0.0489,,,,,,,normal,False
2026-03-31,2026-03,optimizer_monitoring,cash_loan,31-60,regular_flow,all,all,collection_contact_optimizer,11077,,7532.0,2220.0,0.2004,,,,,,,,,,,,0.2942,0.1619,0.2492,0.1526,0.1079,0.0108,normal,False
2026-03-31,2026-03,process_monitoring,cash_loan,31-60,regular_flow,all,all,all,11683,11258.0,,,,0.1747,,0.4902,0.4761,0.7174,0.196,0.0088,0.0207,0.0019,0.0315,0.0389,,,,,,,normal,False
2026-03-31,2026-03,process_monitoring,cash_loan,61-90,new_high_risk,all,all,all,1769,1683.0,,,,0.246,,0.5542,0.5448,0.7607,0.219,0.0084,0.0209,0.0025,0.0395,0.0362,,,,,,,normal,False
2026-03-31,2026-03,process_monitoring,credit_card,1-30,regular_flow,all,all,all,5041,4795.0,,,,0.1407,,0.4513,0.4507,0.6921,0.1626,0.0118,0.0183,0.0028,0.0327,0.042,,,,,,,normal,False
2026-04-01,2026-04,data_quality_monitoring,cash_loan,31-60,base,collection_score_v1,1.0,all,9124,8792.0,,,,,,0.4995,0.4818,0.7259,,0.013,0.0219,0.0025,0.0299,0.0402,,,,,,0.0038,normal,False
2026-04-01,2026-04,model_monitoring,credit_card,31-60,base,collection_score_v1,1.0,all,9813,9629.0,,,,0.1733,0.4282,0.5105,0.4951,0.7579,0.1941,0.0068,0.0146,0.0025,0.0438,0.0541,,,,,,,normal,False
2026-04-01,2026-04,optimizer_monitoring,cash_loan,31-60,regular_flow,all,all,collection_contact_optimizer,10852,,7504.0,2197.0,0.2025,,,,,,,,,,,,0.3049,0.1463,0.2524,0.1404,0.1021,0.0132,normal,False
2026-04-01,2026-04,process_monitoring,cash_loan,31-60,regular_flow,all,all,all,11801,11341.0,,,,0.1819,,0.476,0.4874,0.7236,0.1833,0.0073,0.0185,0.002,0.0335,0.0395,,,,,,,normal,False
2026-04-01,2026-04,process_monitoring,cash_loan,61-90,new_high_risk,all,all,all,1907,1794.0,,,,0.2443,,0.5574,0.5495,0.7705,0.218,0.012,0.0232,0.004,0.0459,0.0472,,,,,,,normal,False
2026-04-01,2026-04,process_monitoring,credit_card,1-30,regular_flow,all,all,all,4999,4742.0,,,,0.1406,,0.4718,0.4295,0.6879,0.1509,0.0094,0.0193,0.0019,0.0416,0.0536,,,,,,,normal,False
2026-04-02,2026-04,data_quality_monitoring,cash_loan,31-60,base,collection_score_v1,1.0,all,9119,8850.0,,,,,,0.5053,0.4916,0.7342,,0.0086,0.0195,0.0031,0.0391,0.0376,,,,,,0.0055,normal,False
2026-04-02,2026-04,model_monitoring,credit_card,31-60,base,collection_score_v1,1.0,all,9735,9493.0,,,,0.165,0.4204,0.5044,0.5031,0.7542,0.2014,0.0046,0.0104,0.002,0.0376,0.0473,,,,,,,normal,False
2026-04-02,2026-04,optimizer_monitoring,cash_loan,31-60,regular_flow,all,all,collection_contact_optimizer,10941,,7530.0,2177.0,0.199,,,,,,,,,,,,0.2841,0.1522,0.2381,0.126,0.0966,0.0115,normal,False
2026-04-02,2026-04,process_monitoring,cash_loan,31-60,regular_flow,all,all,all,11463,10931.0,,,,0.1859,,0.4929,0.4868,0.7154,0.1949,0.0096,0.0185,0.0021,0.0364,0.0357,,,,,,,normal,False
2026-04-02,2026-04,process_monitoring,cash_loan,61-90,new_high_risk,all,all,all,1853,1760.0,,,,0.2466,,0.5669,0.5567,0.785,0.234,0.0097,0.018,0.004,0.0377,0.0455,,,,,,,normal,False
2026-04-02,2026-04,process_monitoring,credit_card,1-30,regular_flow,all,all,all,5093,4834.0,,,,0.1394,,0.4631,0.458,0.6805,0.1494,0.0112,0.0185,0.0025,0.041,0.0492,,,,,,,normal,False
2026-04-03,2026-04,data_quality_monitoring,cash_loan,31-60,base,collection_score_v1,1.0,all,8647,8348.0,,,,,,0.4968,0.4879,0.7455,,0.0122,0.0171,0.0032,0.033,0.0383,,,,,,0.0052,normal,False
2026-04-03,2026-04,model_monitoring,credit_card,31-60,base,collection_score_v1,1.0,all,9476,9296.0,,,,0.1778,0.4425,0.5105,0.5011,0.7586,0.1958,0.0063,0.0149,0.0021,0.0358,0.0371,,,,,,,normal,False
2026-04-03,2026-04,optimizer_monitoring,cash_loan,31-60,regular_flow,all,all,collection_contact_optimizer,11136,,7690.0,2196.0,0.1972,,,,,,,,,,,,0.2909,0.16,0.2708,0.1413,0.1072,0.0102,normal,False
2026-04-03,2026-04,process_monitoring,cash_loan,31-60,regular_flow,all,all,all,11925,11511.0,,,,0.1797,,0.5008,0.4807,0.7133,0.1864,0.0058,0.0162,0.0018,0.039,0.0486,,,,,,,normal,False
2026-04-03,2026-04,process_monitoring,cash_loan,61-90,new_high_risk,all,all,all,1898,1807.0,,,,0.2391,,0.5626,0.5529,0.7919,0.2179,0.0078,0.0241,0.0028,0.0456,0.0469,,,,,,,normal,False
2026-04-03,2026-04,process_monitoring,credit_card,1-30,regular_flow,all,all,all,5235,4937.0,,,,0.1416,,0.4517,0.4538,0.6888,0.1408,0.0104,0.0188,0.0027,0.0347,0.0417,,,,,,,normal,False
2026-04-04,2026-04,data_quality_monitoring,cash_loan,31-60,base,collection_score_v1,1.0,all,8923,8671.0,,,,,,0.489,0.4945,0.7257,,0.0123,0.0128,0.0024,0.0266,0.035,,,,,,0.0052,normal,False
2026-04-04,2026-04,model_monitoring,credit_card,31-60,base,collection_score_v1,1.0,all,9793,9568.0,,,,0.1664,0.438,0.5087,0.5098,0.7465,0.2073,0.0061,0.0155,0.0026,0.0382,0.0403,,,,,,,normal,False
2026-04-04,2026-04,optimizer_monitoring,cash_loan,31-60,regular_flow,all,all,collection_contact_optimizer,10960,,7435.0,2169.0,0.1979,,,,,,,,,,,,0.3016,0.1539,0.2557,0.144,0.1019,0.0111,normal,False
2026-04-04,2026-04,process_monitoring,cash_loan,31-60,regular_flow,all,all,all,12151,11627.0,,,,0.1817,,0.4832,0.4853,0.7287,0.1922,0.0076,0.0189,0.0018,0.0397,0.0308,,,,,,,normal,False
2026-04-04,2026-04,process_monitoring,cash_loan,61-90,new_high_risk,all,all,all,1784,1688.0,,,,0.2423,,0.5475,0.5476,0.7809,0.2195,0.0112,0.0227,0.0034,0.0366,0.0495,,,,,,,normal,False
2026-04-04,2026-04,process_monitoring,credit_card,1-30,regular_flow,all,all,all,5189,4920.0,,,,0.132,,0.448,0.4609,0.6981,0.1464,0.0067,0.0141,0.0027,0.0521,0.0472,,,,,,,normal,False
2026-04-05,2026-04,data_quality_monitoring,cash_loan,31-60,base,collection_score_v1,1.0,all,8901,8679.0,,,,,,0.4956,0.4855,0.7343,,0.0115,0.0213,0.0018,0.0377,0.0338,,,,,,0.0052,normal,False
2026-04-05,2026-04,model_monitoring,credit_card,31-60,base,collection_score_v1,1.0,all,9542,9397.0,,,,0.1651,0.4315,0.5227,0.4884,0.7398,0.1979,0.0055,0.0166,0.0021,0.0311,0.0476,,,,,,,normal,False
2026-04-05,2026-04,optimizer_monitoring,cash_loan,31-60,regular_flow,all,all,collection_contact_optimizer,10686,,7180.0,2175.0,0.2035,,,,,,,,,,,,0.2897,0.1643,0.2519,0.1363,0.1073,0.0091,normal,False
2026-04-05,2026-04,process_monitoring,cash_loan,31-60,regular_flow,all,all,all,12077,11579.0,,,,0.177,,0.4817,0.47,0.7129,0.1896,0.0085,0.0181,0.0016,0.0395,0.0437,,,,,,,normal,False
2026-04-05,2026-04,process_monitoring,cash_loan,61-90,new_high_risk,all,all,all,1792,1715.0,,,,0.2387,,0.5629,0.5307,0.7696,0.2182,0.0084,0.0234,0.0042,0.0341,0.0408,,,,,,,normal,False
2026-04-05,2026-04,process_monitoring,credit_card,1-30,regular_flow,all,all,all,5566,5283.0,,,,0.1374,,0.4644,0.4515,0.677,0.1497,0.0094,0.0182,0.0031,0.0327,0.0517,,,,,,,normal,False
2026-04-06,2026-04,data_quality_monitoring,cash_loan,31-60,base,collection_score_v1,1.0,all,9133,8868.0,,,,,,0.495,0.4808,0.7367,,0.0107,0.0271,0.0033,0.0369,0.039,,,,,,0.0058,normal,False
2026-04-06,2026-04,model_monitoring,credit_card,31-60,base,collection_score_v1,1.0,all,9531,9375.0,,,,0.1687,0.4198,0.5099,0.4937,0.7473,0.1996,0.0043,0.0118,0.0022,0.0374,0.0322,,,,,,,normal,False
2026-04-06,2026-04,optimizer_monitoring,cash_loan,31-60,regular_flow,all,all,collection_contact_optimizer,11137,,7515.0,2338.0,0.2099,,,,,,,,,,,,0.2965,0.1571,0.2563,0.149,0.0977,0.0092,normal,False
2026-04-06,2026-04,process_monitoring,cash_loan,31-60,regular_flow,all,all,all,12008,11550.0,,,,0.1779,,0.4867,0.4909,0.7117,0.1755,0.0104,0.0231,0.0018,0.0253,0.0384,,,,,,,normal,False
2026-04-06,2026-04,process_monitoring,cash_loan,61-90,new_high_risk,all,all,all,1744,1663.0,,,,0.2313,,0.5613,0.5469,0.7966,0.219,0.0125,0.0198,0.0034,0.0416,0.0407,,,,,,,normal,False
2026-04-06,2026-04,process_monitoring,credit_card,1-30,regular_flow,all,all,all,5248,4978.0,,,,0.1392,,0.4511,0.4546,0.6947,0.1425,0.01,0.0241,0.0031,0.0383,0.0443,,,,,,,normal,False
2026-04-07,2026-04,data_quality_monitoring,cash_loan,31-60,base,collection_score_v1,1.0,all,8617,8393.0,,,,,,0.5083,0.4829,0.7151,,0.0102,0.0228,0.0043,0.0376,0.0378,,,,,,0.0041,normal,False
2026-04-07,2026-04,model_monitoring,credit_card,31-60,base,collection_score_v1,1.0,all,9550,9380.0,,,,0.1654,0.4233,0.5131,0.5004,0.7544,0.1991,0.0063,0.0153,0.0023,0.044,0.0369,,,,,,,normal,False
2026-04-07,2026-04,optimizer_monitoring,cash_loan,31-60,regular_flow,all,all,collection_contact_optimizer,11002,,7369.0,2174.0,0.1976,,,,,,,,,,,,0.3164,0.1707,0.2591,0.1345,0.1043,0.0113,normal,False
2026-04-07,2026-04,process_monitoring,cash_loan,31-60,regular_flow,all,all,all,12081,11488.0,,,,0.1767,,0.4837,0.4614,0.7123,0.1845,0.0077,0.0202,0.0019,0.0298,0.0397,,,,,,,normal,False
2026-04-07,2026-04,process_monitoring,cash_loan,61-90,new_high_risk,all,all,all,1885,1776.0,,,,0.2322,,0.5655,0.5472,0.7708,0.2194,0.0117,0.0174,0.0021,0.0354,0.0523,,,,,,,normal,False
2026-04-07,2026-04,process_monitoring,credit_card,1-30,regular_flow,all,all,all,5155,4924.0,,,,0.1361,,0.4527,0.4545,0.688,0.1532,0.009,0.0214,0.0024,0.0399,0.0439,,,,,,,normal,False
2026-04-08,2026-04,data_quality_monitoring,cash_loan,31-60,base,collection_score_v1,1.0,all,8945,8684.0,,,,,,0.4986,0.486,0.732,,0.009,0.0181,0.0032,0.033,0.0415,,,,,,0.0053,normal,False
2026-04-08,2026-04,model_monitoring,credit_card,31-60,base,collection_score_v1,1.0,all,9477,9315.0,,,,0.1742,0.4362,0.5103,0.4941,0.7413,0.2017,0.0064,0.0176,0.0024,0.0393,0.0388,,,,,,,normal,False
2026-04-08,2026-04,optimizer_monitoring,cash_loan,31-60,regular_flow,all,all,collection_contact_optimizer,10749,,7463.0,2108.0,0.1961,,,,,,,,,,,,0.2907,0.1473,0.2351,0.1402,0.1002,0.0098,normal,False
2026-04-08,2026-04,process_monitoring,cash_loan,31-60,regular_flow,all,all,all,12115,11666.0,,,,0.1825,,0.4927,0.4657,0.7207,0.1867,0.0061,0.0214,0.0029,0.0418,0.0413,,,,,,,normal,False
2026-04-08,2026-04,process_monitoring,cash_loan,61-90,new_high_risk,all,all,all,1857,1764.0,,,,0.2412,,0.5604,0.5484,0.7703,0.2191,0.0089,0.0195,0.0033,0.042,0.0361,,,,,,,normal,False
2026-04-08,2026-04,process_monitoring,credit_card,1-30,regular_flow,all,all,all,5424,5189.0,,,,0.14,,0.4616,0.4413,0.6936,0.1503,0.007,0.0199,0.003,0.049,0.0495,,,,,,,normal,False
2026-04-09,2026-04,data_quality_monitoring,cash_loan,31-60,base,collection_score_v1,1.0,all,8962,8689.0,,,,,,0.4998,0.4916,0.7376,,0.0078,0.0165,0.0022,0.0364,0.0475,,,,,,0.0046,normal,False
2026-04-09,2026-04,model_monitoring,credit_card,31-60,base,collection_score_v1,1.0,all,9375,9210.0,,,,0.1646,0.4276,0.5059,0.4997,0.7522,0.195,0.0067,0.0151,0.0012,0.0302,0.0449,,,,,,,normal,False
2026-04-09,2026-04,optimizer_monitoring,cash_loan,31-60,regular_flow,all,all,collection_contact_optimizer,10449,,7018.0,1947.0,0.1863,,,,,,,,,,,,0.2955,0.1575,0.2503,0.1381,0.1052,0.0086,normal,False
2026-04-09,2026-04,process_monitoring,cash_loan,31-60,regular_flow,all,all,all,12315,11899.0,,,,0.1755,,0.487,0.474,0.7128,0.188,0.0101,0.0217,0.0018,0.0445,0.0402,,,,,,,normal,False
2026-04-09,2026-04,process_monitoring,cash_loan,61-90,new_high_risk,all,all,all,1835,1743.0,,,,0.2414,,0.5601,0.5527,0.7838,0.2084,0.011,0.02,0.0021,0.0397,0.0454,,,,,,,normal,False
2026-04-09,2026-04,process_monitoring,credit_card,1-30,regular_flow,all,all,all,4718,4523.0,,,,0.1396,,0.461,0.4529,0.7186,0.1543,0.0079,0.0219,0.0028,0.0376,0.0495,,,,,,,normal,False
2026-04-10,2026-04,data_quality_monitoring,cash_loan,31-60,base,collection_score_v1,1.0,all,9057,8679.0,,,,,,0.5027,0.4645,0.7162,,0.0109,0.0214,0.0022,0.0314,0.0482,,,,,,0.0045,normal,False
2026-04-10,2026-04,model_monitoring,credit_card,31-60,base,collection_score_v1,1.0,all,9796,9609.0,,,,0.1724,0.4231,0.5094,0.5066,0.7569,0.2011,0.0069,0.016,0.0025,0.0414,0.0432,,,,,,,normal,False
2026-04-10,2026-04,optimizer_monitoring,cash_loan,31-60,regular_flow,all,all,collection_contact_optimizer,11493,,7862.0,2298.0,0.1999,,,,,,,,,,,,0.3129,0.1608,0.242,0.1393,0.0998,0.0073,normal,False
2026-04-10,2026-04,process_monitoring,cash_loan,31-60,regular_flow,all,all,all,11775,11322.0,,,,0.1804,,0.4888,0.4927,0.715,0.2024,0.0077,0.0154,0.002,0.0296,0.0362,,,,,,,normal,False
2026-04-10,2026-04,process_monitoring,cash_loan,61-90,new_high_risk,all,all,all,1661,1579.0,,,,0.2371,,0.5587,0.5651,0.7785,0.2225,0.0097,0.0222,0.003,0.0422,0.0508,,,,,,,normal,False
2026-04-10,2026-04,process_monitoring,credit_card,1-30,regular_flow,all,all,all,5286,5032.0,,,,0.1422,,0.455,0.4579,0.7004,0.1572,0.0098,0.0227,0.0019,0.0384,0.0407,,,,,,,normal,False
2026-04-11,2026-04,data_quality_monitoring,cash_loan,31-60,base,collection_score_v1,1.0,all,8826,8563.0,,,,,,0.4981,0.4876,0.735,,0.0107,0.0209,0.0033,0.0381,0.0274,,,,,,0.0046,normal,False
2026-04-11,2026-04,model_monitoring,credit_card,31-60,base,collection_score_v1,1.0,all,9425,9254.0,,,,0.17,0.432,0.5147,0.4974,0.756,0.2019,0.0048,0.0179,0.0018,0.0317,0.0398,,,,,,,normal,False
2026-04-11,2026-04,optimizer_monitoring,cash_loan,31-60,regular_flow,all,all,collection_contact_optimizer,10520,,7153.0,2107.0,0.2003,,,,,,,,,,,,0.3084,0.1671,0.2516,0.137,0.1024,0.0089,normal,False
2026-04-11,2026-04,process_monitoring,cash_loan,31-60,regular_flow,all,all,all,11933,11457.0,,,,0.1789,,0.4892,0.4818,0.7249,0.184,0.0064,0.0202,0.0018,0.0279,0.0422,,,,,,,normal,False
2026-04-11,2026-04,process_monitoring,cash_loan,61-90,new_high_risk,all,all,all,1883,1805.0,,,,0.249,,0.5705,0.5491,0.7832,0.2246,0.0102,0.0223,0.0035,0.0397,0.0414,,,,,,,normal,False
2026-04-11,2026-04,process_monitoring,credit_card,1-30,regular_flow,all,all,all,5066,4824.0,,,,0.1339,,0.4618,0.4559,0.6934,0.1532,0.0069,0.0207,0.0028,0.0376,0.0494,,,,,,,normal,False
2026-04-12,2026-04,data_quality_monitoring,cash_loan,31-60,base,collection_score_v1,1.0,all,9018,8732.0,,,,,,0.4902,0.4792,0.7352,,0.0094,0.0182,0.003,0.039,0.0411,,,,,,0.0043,normal,False
2026-04-12,2026-04,model_monitoring,credit_card,31-60,base,collection_score_v1,1.0,all,9299,9106.0,,,,0.1636,0.4245,0.5116,0.5092,0.7725,0.1971,0.0074,0.0155,0.0019,0.0422,0.0453,,,,,,,normal,False
2026-04-12,2026-04,optimizer_monitoring,cash_loan,31-60,regular_flow,all,all,collection_contact_optimizer,11269,,7718.0,2396.0,0.2126,,,,,,,,,,,,0.3078,0.1675,0.259,0.1437,0.103,0.011,normal,False
2026-04-12,2026-04,process_monitoring,cash_loan,31-60,regular_flow,all,all,all,11999,11557.0,,,,0.1827,,0.4824,0.4878,0.7256,0.1906,0.0069,0.0163,0.0017,0.0377,0.0352,,,,,,,normal,False
2026-04-12,2026-04,process_monitoring,cash_loan,61-90,new_high_risk,all,all,all,1749,1659.0,,,,0.2473,,0.5563,0.5591,0.7742,0.2196,0.0084,0.0229,0.0039,0.0396,0.044,,,,,,,normal,False
2026-04-12,2026-04,process_monitoring,credit_card,1-30,regular_flow,all,all,all,5377,5119.0,,,,0.135,,0.4584,0.4509,0.712,0.1431,0.0112,0.0203,0.0032,0.0406,0.0472,,,,,,,normal,False
2026-04-13,2026-04,data_quality_monitoring,cash_loan,31-60,base,collection_score_v1,1.0,all,8904,8661.0,,,,,,0.5008,0.49,0.7418,,0.0051,0.0157,0.0022,0.0332,0.0385,,,,,,0.0035,normal,False
2026-04-13,2026-04,model_monitoring,credit_card,31-60,base,collection_score_v1,1.0,all,9809,9544.0,,,,0.162,0.4267,0.5101,0.5048,0.7538,0.1981,0.007,0.0171,0.0021,0.0448,0.0464,,,,,,,normal,False
2026-04-13,2026-04,optimizer_monitoring,cash_loan,31-60,regular_flow,all,all,collection_contact_optimizer,10783,,7597.0,2082.0,0.1931,,,,,,,,,,,,0.3144,0.1575,0.2471,0.1331,0.0905,0.0098,normal,False
2026-04-13,2026-04,process_monitoring,cash_loan,31-60,regular_flow,all,all,all,11714,11208.0,,,,0.1852,,0.4967,0.4919,0.7178,0.1831,0.0076,0.0182,0.002,0.0407,0.0382,,,,,,,normal,False
2026-04-13,2026-04,process_monitoring,cash_loan,61-90,new_high_risk,all,all,all,1677,1572.0,,,,0.2355,,0.5579,0.5445,0.7924,0.219,0.0119,0.0221,0.003,0.0396,0.045,,,,,,,normal,False
2026-04-13,2026-04,process_monitoring,credit_card,1-30,regular_flow,all,all,all,5326,5069.0,,,,0.136,,0.4636,0.45,0.6833,0.1488,0.0087,0.0195,0.0041,0.0395,0.0438,,,,,,,normal,False
2026-04-14,2026-04,data_quality_monitoring,cash_loan,31-60,base,collection_score_v1,1.0,all,9069,8825.0,,,,,,0.4937,0.4937,0.7358,,0.0088,0.0217,0.0034,0.0323,0.0333,,,,,,0.0038,normal,False
2026-04-14,2026-04,model_monitoring,credit_card,31-60,base,collection_score_v1,1.0,all,9553,9387.0,,,,0.168,0.4289,0.505,0.4814,0.739,0.1909,0.0038,0.0126,0.0025,0.0398,0.0515,,,,,,,normal,False
2026-04-14,2026-04,optimizer_monitoring,cash_loan,31-60,regular_flow,all,all,collection_contact_optimizer,11019,,7405.0,2232.0,0.2026,,,,,,,,,,,,0.3002,0.1634,0.2549,0.1493,0.1064,0.008,normal,False
2026-04-14,2026-04,process_monitoring,cash_loan,31-60,regular_flow,all,all,all,11740,11234.0,,,,0.1806,,0.4929,0.4833,0.7094,0.1951,0.0068,0.0193,0.002,0.0281,0.0384,,,,,,,normal,False
2026-04-14,2026-04,process_monitoring,cash_loan,61-90,new_high_risk,all,all,all,1655,1586.0,,,,0.2347,,0.5494,0.5461,0.7838,0.2194,0.009,0.0207,0.0026,0.0356,0.0564,,,,,,,normal,False
2026-04-14,2026-04,process_monitoring,credit_card,1-30,regular_flow,all,all,all,5184,4934.0,,,,0.1425,,0.4589,0.4623,0.6991,0.1487,0.0101,0.0239,0.0042,0.0339,0.0404,,,,,,,normal,False
2026-04-15,2026-04,data_quality_monitoring,cash_loan,31-60,base,collection_score_v1,1.0,all,8925,8643.0,,,,,,0.4851,0.4918,0.7368,,0.0068,0.018,0.0022,0.0302,0.0403,,,,,,0.0029,normal,False
2026-04-15,2026-04,model_monitoring,credit_card,31-60,base,collection_score_v1,1.0,all,9565,9367.0,,,,0.1748,0.417,0.4959,0.5056,0.7505,0.2013,0.0047,0.015,0.0028,0.0441,0.0458,,,,,,,normal,False
2026-04-15,2026-04,optimizer_monitoring,cash_loan,31-60,regular_flow,all,all,collection_contact_optimizer,11135,,7543.0,2294.0,0.206,,,,,,,,,,,,0.2802,0.154,0.2599,0.1233,0.0983,0.0076,normal,False
2026-04-15,2026-04,process_monitoring,cash_loan,31-60,regular_flow,all,all,all,12437,11942.0,,,,0.1784,,0.4755,0.4786,0.7075,0.1958,0.0103,0.0164,0.0022,0.0314,0.0369,,,,,,,normal,False
2026-04-15,2026-04,process_monitoring,cash_loan,61-90,new_high_risk,all,all,all,1894,1806.0,,,,0.2433,,0.5647,0.5623,0.793,0.2178,0.0106,0.0208,0.003,0.037,0.0531,,,,,,,normal,False
2026-04-15,2026-04,process_monitoring,credit_card,1-30,regular_flow,all,all,all,5104,4868.0,,,,0.1398,,0.4739,0.4461,0.699,0.1505,0.0102,0.0191,0.003,0.0394,0.0408,,,,,,,normal,False
2026-04-16,2026-04,data_quality_monitoring,cash_loan,31-60,base,collection_score_v1,1.0,all,8935,8699.0,,,,,,0.4879,0.496,0.727,,0.0108,0.0166,0.0039,0.0412,0.0458,,,,,,0.0035,normal,False
2026-04-16,2026-04,model_monitoring,credit_card,31-60,base,collection_score_v1,1.0,all,9368,9206.0,,,,0.1696,0.4285,0.5139,0.491,0.7528,0.2096,0.0065,0.0142,0.0018,0.0379,0.0437,,,,,,,normal,False
2026-04-16,2026-04,optimizer_monitoring,cash_loan,31-60,regular_flow,all,all,collection_contact_optimizer,11182,,7424.0,2272.0,0.2032,,,,,,,,,,,,0.2998,0.1622,0.2544,0.1411,0.1015,0.0129,normal,False
2026-04-16,2026-04,process_monitoring,cash_loan,31-60,regular_flow,all,all,all,12209,11748.0,,,,0.1873,,0.4884,0.483,0.7081,0.1971,0.0069,0.0169,0.002,0.0272,0.0411,,,,,,,normal,False
2026-04-16,2026-04,process_monitoring,cash_loan,61-90,new_high_risk,all,all,all,1836,1749.0,,,,0.2433,,0.5817,0.5483,0.7728,0.2226,0.0107,0.0209,0.0024,0.0515,0.0466,,,,,,,normal,False
2026-04-16,2026-04,process_monitoring,credit_card,1-30,regular_flow,all,all,all,5078,4848.0,,,,0.1412,,0.4473,0.449,0.6967,0.1406,0.0074,0.0218,0.0032,0.0421,0.0543,,,,,,,normal,False
2026-04-17,2026-04,data_quality_monitoring,cash_loan,31-60,base,collection_score_v1,1.0,all,9126,8842.0,,,,,,0.4935,0.4839,0.7169,,0.0105,0.0197,0.0027,0.0202,0.0325,,,,,,0.0061,normal,False
2026-04-17,2026-04,model_monitoring,credit_card,31-60,base,collection_score_v1,1.0,all,9901,9732.0,,,,0.1739,0.4302,0.5085,0.4985,0.7531,0.207,0.0062,0.0132,0.0023,0.0446,0.0483,,,,,,,normal,False
2026-04-17,2026-04,optimizer_monitoring,cash_loan,31-60,regular_flow,all,all,collection_contact_optimizer,10853,,7229.0,2201.0,0.2028,,,,,,,,,,,,0.3115,0.1591,0.2523,0.154,0.1076,0.0094,normal,False
2026-04-17,2026-04,process_monitoring,cash_loan,31-60,regular_flow,all,all,all,12318,11817.0,,,,0.173,,0.4908,0.49,0.7113,0.192,0.0066,0.0167,0.0027,0.0323,0.0423,,,,,,,normal,False
2026-04-17,2026-04,process_monitoring,cash_loan,61-90,new_high_risk,all,all,all,1771,1689.0,,,,0.2413,,0.5652,0.5499,0.7846,0.2175,0.0133,0.0189,0.0038,0.0468,0.0407,,,,,,,normal,False
2026-04-17,2026-04,process_monitoring,credit_card,1-30,regular_flow,all,all,all,4683,4405.0,,,,0.1474,,0.4648,0.4485,0.6952,0.143,0.0108,0.0194,0.0029,0.0375,0.0421,,,,,,,normal,False
2026-04-18,2026-04,data_quality_monitoring,cash_loan,31-60,base,collection_score_v1,1.0,all,9121,8804.0,,,,,,0.496,0.4856,0.7406,,0.0107,0.0194,0.0033,0.0245,0.0397,,,,,,0.007,normal,False
2026-04-18,2026-04,model_monitoring,credit_card,31-60,base,collection_score_v1,1.0,all,9354,9191.0,,,,0.1645,0.432,0.5113,0.4957,0.7498,0.1969,0.0049,0.0143,0.0016,0.0416,0.0392,,,,,,,normal,False
2026-04-18,2026-04,optimizer_monitoring,cash_loan,31-60,regular_flow,all,all,collection_contact_optimizer,11029,,7560.0,2211.0,0.2005,,,,,,,,,,,,0.3072,0.148,0.2365,0.1413,0.0964,0.0126,normal,False
2026-04-18,2026-04,process_monitoring,cash_loan,31-60,regular_flow,all,all,all,11845,11366.0,,,,0.1784,,0.5017,0.4791,0.7384,0.1905,0.0107,0.0187,0.0025,0.0314,0.0357,,,,,,,normal,False
2026-04-18,2026-04,process_monitoring,cash_loan,61-90,new_high_risk,all,all,all,1845,1750.0,,,,0.2392,,0.5768,0.5383,0.7765,0.2302,0.0107,0.0231,0.0031,0.0416,0.0489,,,,,,,normal,False
2026-04-18,2026-04,process_monitoring,credit_card,1-30,regular_flow,all,all,all,5141,4895.0,,,,0.144,,0.4603,0.4397,0.6778,0.1429,0.0063,0.0202,0.0037,0.0399,0.0337,,,,,,,normal,False
2026-04-19,2026-04,data_quality_monitoring,cash_loan,31-60,base,collection_score_v1,1.0,all,9027,8782.0,,,,,,0.4889,0.4902,0.7282,,0.0107,0.02,0.002,0.0287,0.0402,,,,,,0.006,normal,False
2026-04-19,2026-04,model_monitoring,credit_card,31-60,base,collection_score_v1,1.0,all,9252,9049.0,,,,0.1671,0.4346,0.5157,0.499,0.7469,0.2007,0.0052,0.0127,0.0016,0.0368,0.0392,,,,,,,normal,False
2026-04-19,2026-04,optimizer_monitoring,cash_loan,31-60,regular_flow,all,all,collection_contact_optimizer,10512,,7273.0,2131.0,0.2027,,,,,,,,,,,,0.2988,0.1633,0.2444,0.1393,0.0919,0.0053,normal,False
2026-04-19,2026-04,process_monitoring,cash_loan,31-60,regular_flow,all,all,all,11918,11310.0,,,,0.1791,,0.4885,0.4766,0.7286,0.1972,0.0077,0.0137,0.0023,0.0378,0.0415,,,,,,,normal,False
2026-04-19,2026-04,process_monitoring,cash_loan,61-90,new_high_risk,all,all,all,1685,1599.0,,,,0.2468,,0.5581,0.5358,0.7728,0.2233,0.0106,0.0189,0.0026,0.0371,0.0432,,,,,,,normal,False
2026-04-19,2026-04,process_monitoring,credit_card,1-30,regular_flow,all,all,all,4851,4632.0,,,,0.1353,,0.4761,0.4423,0.6967,0.1416,0.0076,0.023,0.0028,0.0442,0.0462,,,,,,,normal,False
2026-04-20,2026-04,data_quality_monitoring,cash_loan,31-60,base,collection_score_v1,1.0,all,8699,8471.0,,,,,,0.5001,0.4886,0.7182,,0.011,0.0128,0.0035,0.0275,0.0403,,,,,,0.0049,normal,False
2026-04-20,2026-04,model_monitoring,credit_card,31-60,base,collection_score_v1,1.0,all,9711,9522.0,,,,0.1745,0.4159,0.5211,0.5026,0.7586,0.1939,0.0052,0.0153,0.002,0.0414,0.0504,,,,,,,normal,False
2026-04-20,2026-04,optimizer_monitoring,cash_loan,31-60,regular_flow,all,all,collection_contact_optimizer,11257,,7576.0,2235.0,0.1985,,,,,,,,,,,,0.2959,0.1676,0.2543,0.1377,0.0988,0.0069,normal,False
2026-04-20,2026-04,process_monitoring,cash_loan,31-60,regular_flow,all,all,all,12245,11687.0,,,,0.1744,,0.4886,0.4742,0.723,0.1927,0.0085,0.0185,0.0028,0.0297,0.0397,,,,,,,normal,False
2026-04-20,2026-04,process_monitoring,cash_loan,61-90,new_high_risk,all,all,all,1759,1670.0,,,,0.2404,,0.5546,0.5543,0.8062,0.2093,0.0105,0.0205,0.0033,0.0402,0.0488,,,,,,,normal,False
2026-04-20,2026-04,process_monitoring,credit_card,1-30,regular_flow,all,all,all,5022,4799.0,,,,0.1451,,0.4486,0.4475,0.7022,0.1525,0.0093,0.0196,0.0028,0.0414,0.0437,,,,,,,normal,False
2026-04-21,2026-04,data_quality_monitoring,cash_loan,31-60,base,collection_score_v1,1.0,all,9323,9026.0,,,,,,0.5018,0.4972,0.7287,,0.0088,0.0132,0.0034,0.0344,0.0339,,,,,,0.0051,normal,False
2026-04-21,2026-04,model_monitoring,credit_card,31-60,base,collection_score_v1,1.0,all,9251,9051.0,,,,0.165,0.4325,0.5067,0.5166,0.7361,0.201,0.0049,0.014,0.0021,0.0284,0.0462,,,,,,,normal,False
2026-04-21,2026-04,optimizer_monitoring,cash_loan,31-60,regular_flow,all,all,collection_contact_optimizer,10871,,7458.0,2128.0,0.1958,,,,,,,,,,,,0.2893,0.1663,0.2388,0.136,0.1096,0.0123,normal,False
2026-04-21,2026-04,process_monitoring,cash_loan,31-60,regular_flow,all,all,all,0,0.0,,,,,,,,,,,,,,,,,,,,,bank_unavailable_day,True
2026-04-21,2026-04,process_monitoring,cash_loan,61-90,new_high_risk,all,all,all,1867,1762.0,,,,0.2373,,0.5698,0.5449,0.7858,0.2168,0.0104,0.0217,0.0035,0.0373,0.0371,,,,,,,normal,False
2026-04-21,2026-04,process_monitoring,credit_card,1-30,regular_flow,all,all,all,4883,4636.0,,,,0.1336,,0.4611,0.4536,0.688,0.1419,0.0105,0.0207,0.0026,0.0386,0.0375,,,,,,,normal,False
2026-04-22,2026-04,data_quality_monitoring,cash_loan,31-60,base,collection_score_v1,1.0,all,9190,8925.0,,,,,,0.4906,0.4915,0.721,,0.0129,0.0224,0.0031,0.0228,0.0341,,,,,,0.0057,normal,False
2026-04-22,2026-04,model_monitoring,credit_card,31-60,base,collection_score_v1,1.0,all,9360,9155.0,,,,0.1658,0.4237,0.509,0.4915,0.7567,0.1954,0.0088,0.0141,0.002,0.0335,0.0535,,,,,,,normal,False
2026-04-22,2026-04,optimizer_monitoring,cash_loan,31-60,regular_flow,all,all,collection_contact_optimizer,11266,,7481.0,2353.0,0.2089,,,,,,,,,,,,0.3024,0.1661,0.2367,0.14,0.1014,0.0094,normal,False
2026-04-22,2026-04,process_monitoring,cash_loan,31-60,regular_flow,all,all,all,12025,11547.0,,,,0.1802,,0.4893,0.4798,0.7183,0.1813,0.0072,0.0198,0.0013,0.0341,0.0359,,,,,,,normal,False
2026-04-22,2026-04,process_monitoring,cash_loan,61-90,new_high_risk,all,all,all,1752,1656.0,,,,0.2369,,0.5547,0.5455,0.7899,0.2238,0.0126,0.0265,0.0024,0.0404,0.0391,,,,,,,normal,False
2026-04-22,2026-04,process_monitoring,credit_card,1-30,regular_flow,all,all,all,5030,4781.0,,,,0.1384,,0.4718,0.4541,0.6782,0.1534,0.0078,0.0188,0.0032,0.0375,0.0495,,,,,,,normal,False
2026-04-23,2026-04,data_quality_monitoring,cash_loan,31-60,base,collection_score_v1,1.0,all,8745,8436.0,,,,,,0.4857,0.4902,0.7211,,0.0092,0.022,0.0026,0.0362,0.0382,,,,,,0.0057,normal,False
2026-04-23,2026-04,model_monitoring,credit_card,31-60,base,collection_score_v1,1.0,all,9634,9442.0,,,,0.1655,0.4325,0.5141,0.5006,0.7518,0.1987,0.0075,0.0132,0.0018,0.0401,0.0494,,,,,,,normal,False
2026-04-23,2026-04,optimizer_monitoring,cash_loan,31-60,regular_flow,all,all,collection_contact_optimizer,11104,,7531.0,2159.0,0.1944,,,,,,,,,,,,0.3083,0.1624,0.2388,0.1439,0.0946,0.0128,normal,False
2026-04-23,2026-04,process_monitoring,cash_loan,31-60,regular_flow,all,all,all,11518,11050.0,,,,0.1777,,0.4865,0.4797,0.7235,0.1882,0.0074,0.0182,0.001,0.0374,0.04,,,,,,,normal,False
2026-04-23,2026-04,process_monitoring,cash_loan,61-90,new_high_risk,all,all,all,1770,1678.0,,,,0.2295,,0.5662,0.5598,0.7858,0.2147,0.011,0.0237,0.0039,0.0356,0.0439,,,,,,,normal,False
2026-04-23,2026-04,process_monitoring,credit_card,1-30,regular_flow,all,all,all,5141,4884.0,,,,0.1438,,0.4444,0.4342,0.6925,0.15,0.0093,0.0191,0.0034,0.0447,0.0474,,,,,,,normal,False
2026-04-24,2026-04,data_quality_monitoring,cash_loan,31-60,base,collection_score_v1,1.0,all,9093,8714.0,,,,,,0.5083,0.4687,0.7251,,0.0121,0.019,0.002,0.0295,0.0462,,,,,,0.0031,normal,False
2026-04-24,2026-04,model_monitoring,credit_card,31-60,base,collection_score_v1,1.0,all,9306,9104.0,,,,0.1743,0.4336,0.5091,0.5043,0.7407,0.2002,0.0061,0.0141,0.0022,0.0361,0.0475,,,,,,,normal,False
2026-04-24,2026-04,optimizer_monitoring,cash_loan,31-60,regular_flow,all,all,collection_contact_optimizer,11248,,7514.0,2244.0,0.1995,,,,,,,,,,,,0.2953,0.1539,0.2569,0.1444,0.0914,0.0092,normal,False
2026-04-24,2026-04,process_monitoring,cash_loan,31-60,regular_flow,all,all,all,12266,11765.0,,,,0.1827,,0.487,0.4819,0.727,0.1866,0.0071,0.0156,0.0015,0.0259,0.0436,,,,,,,normal,False
2026-04-24,2026-04,process_monitoring,cash_loan,61-90,new_high_risk,all,all,all,1814,1706.0,,,,0.2427,,0.5682,0.5437,0.7698,0.2071,0.0096,0.0208,0.0021,0.0423,0.0428,,,,,,,normal,False
2026-04-24,2026-04,process_monitoring,credit_card,1-30,regular_flow,all,all,all,5252,5036.0,,,,0.1457,,0.447,0.4558,0.7028,0.1477,0.0092,0.016,0.0032,0.0347,0.046,,,,,,,normal,False
2026-04-25,2026-04,data_quality_monitoring,cash_loan,31-60,base,collection_score_v1,1.0,all,8904,8637.0,,,,,,0.4982,0.4845,0.7277,,0.0104,0.0177,0.0024,0.0282,0.0423,,,,,,0.0055,normal,False
2026-04-25,2026-04,model_monitoring,credit_card,31-60,base,collection_score_v1,1.0,all,9422,9256.0,,,,0.1691,0.4282,0.5107,0.5119,0.7393,0.2038,0.0041,0.0154,0.0026,0.0424,0.0459,,,,,,,normal,False
2026-04-25,2026-04,optimizer_monitoring,cash_loan,31-60,regular_flow,all,all,collection_contact_optimizer,11050,,7523.0,2295.0,0.2077,,,,,,,,,,,,0.3031,0.1618,0.2493,0.1368,0.1111,0.0091,normal,False
2026-04-25,2026-04,process_monitoring,cash_loan,31-60,regular_flow,all,all,all,11775,11379.0,,,,0.1799,,0.4807,0.4746,0.7136,0.1824,0.0081,0.0155,0.0009,0.0331,0.031,,,,,,,normal,False
2026-04-25,2026-04,process_monitoring,cash_loan,61-90,new_high_risk,all,all,all,1678,1581.0,,,,0.2386,,0.5553,0.5513,0.7742,0.2184,0.0096,0.0205,0.0033,0.0412,0.0446,,,,,,,normal,False
2026-04-25,2026-04,process_monitoring,credit_card,1-30,regular_flow,all,all,all,5432,5139.0,,,,0.1364,,0.453,0.466,0.6905,0.1512,0.0063,0.0187,0.0031,0.0349,0.0495,,,,,,,normal,False
2026-04-26,2026-04,data_quality_monitoring,cash_loan,31-60,base,collection_score_v1,1.0,all,9130,8811.0,,,,,,0.5081,0.51,0.7329,,0.0112,0.0185,0.0017,0.032,0.0334,,,,,,0.0036,normal,False
2026-04-26,2026-04,model_monitoring,credit_card,31-60,base,collection_score_v1,1.0,all,9679,9456.0,,,,0.1712,0.4355,0.5146,0.5134,0.7439,0.1931,0.005,0.0163,0.0022,0.0405,0.0394,,,,,,,normal,False
2026-04-26,2026-04,optimizer_monitoring,cash_loan,31-60,regular_flow,all,all,collection_contact_optimizer,11378,,7780.0,2300.0,0.2021,,,,,,,,,,,,0.2975,0.159,0.2577,0.1398,0.1027,0.0096,normal,False
2026-04-26,2026-04,process_monitoring,cash_loan,31-60,regular_flow,all,all,all,11826,11286.0,,,,0.1845,,0.4892,0.4711,0.7295,0.1938,0.0061,0.0216,0.0023,0.0349,0.048,,,,,,,normal,False
2026-04-26,2026-04,process_monitoring,cash_loan,61-90,new_high_risk,all,all,all,1822,1737.0,,,,0.227,,0.5616,0.5462,0.7918,0.217,0.011,0.0212,0.0031,0.0437,0.0427,,,,,,,normal,False
2026-04-26,2026-04,process_monitoring,credit_card,1-30,regular_flow,all,all,all,5278,5018.0,,,,0.1399,,0.4547,0.4547,0.6943,0.1501,0.0078,0.0203,0.003,0.0333,0.0376,,,,,,,normal,False
2026-04-27,2026-04,data_quality_monitoring,cash_loan,31-60,base,collection_score_v1,1.0,all,9131,8877.0,,,,,,0.5003,0.4843,0.7305,,0.0099,0.0206,0.0045,0.0324,0.0425,,,,,,0.0061,normal,False
2026-04-27,2026-04,model_monitoring,credit_card,31-60,base,collection_score_v1,1.0,all,9752,9526.0,,,,0.1668,0.4313,0.5127,0.5035,0.7573,0.201,0.0065,0.0145,0.002,0.0405,0.0461,,,,,,,normal,False
2026-04-27,2026-04,optimizer_monitoring,cash_loan,31-60,regular_flow,all,all,collection_contact_optimizer,11021,,7452.0,2410.0,0.2187,,,,,,,,,,,,0.3026,0.1552,0.2472,0.1415,0.1042,0.0106,normal,False
2026-04-27,2026-04,process_monitoring,cash_loan,31-60,regular_flow,all,all,all,11911,11422.0,,,,0.1802,,0.4797,0.4797,0.7204,0.1771,0.0066,0.0188,0.0022,0.0292,0.0408,,,,,,,normal,False
2026-04-27,2026-04,process_monitoring,cash_loan,61-90,new_high_risk,all,all,all,1622,1548.0,,,,0.2444,,0.5536,0.5355,0.7939,0.2215,0.0074,0.0206,0.0035,0.0386,0.0424,,,,,,,normal,False
2026-04-27,2026-04,process_monitoring,credit_card,1-30,regular_flow,all,all,all,4946,4723.0,,,,0.1431,,0.4592,0.4463,0.6843,0.1523,0.0093,0.0213,0.0031,0.0441,0.0455,,,,,,,normal,False
2026-04-28,2026-04,data_quality_monitoring,cash_loan,31-60,base,collection_score_v1,1.0,all,9341,9081.0,,,,,,0.5051,0.4835,0.722,,0.0101,0.0205,0.0017,0.0341,0.0401,,,,,,0.0048,normal,False
2026-04-28,2026-04,model_monitoring,credit_card,31-60,base,collection_score_v1,1.0,all,9509,9332.0,,,,0.172,0.4336,0.5074,0.5148,0.7519,0.1907,0.005,0.0115,0.002,0.0394,0.0427,,,,,,,normal,False
2026-04-28,2026-04,optimizer_monitoring,cash_loan,31-60,regular_flow,all,all,collection_contact_optimizer,10821,,7339.0,2117.0,0.1956,,,,,,,,,,,,0.3007,0.1636,0.2586,0.1382,0.0977,0.0109,normal,False
2026-04-28,2026-04,process_monitoring,cash_loan,31-60,regular_flow,all,all,all,12327,11967.0,,,,0.1816,,0.4842,0.4744,0.7125,0.1956,0.0075,0.0183,0.002,0.0387,0.0358,,,,,,,normal,False
2026-04-28,2026-04,process_monitoring,cash_loan,61-90,new_high_risk,all,all,all,1770,1687.0,,,,0.2462,,0.5825,0.5363,0.7734,0.2163,0.0087,0.0198,0.0028,0.0339,0.0467,,,,,,,normal,False
2026-04-28,2026-04,process_monitoring,credit_card,1-30,regular_flow,all,all,all,5182,4895.0,,,,0.1409,,0.4648,0.4527,0.6827,0.1534,0.0079,0.019,0.0024,0.0465,0.0482,,,,,,,normal,False
2026-04-29,2026-04,data_quality_monitoring,cash_loan,31-60,base,collection_score_v1,1.0,all,9041,8808.0,,,,,,0.5039,0.4734,0.7237,,0.0103,0.0194,0.0033,0.0389,0.0437,,,,,,0.0048,normal,False
2026-04-29,2026-04,model_monitoring,credit_card,31-60,base,collection_score_v1,1.0,all,9588,9378.0,,,,0.1637,0.4255,0.5096,0.5082,0.7417,0.1996,0.0067,0.0102,0.0024,0.0341,0.0467,,,,,,,normal,False
2026-04-29,2026-04,optimizer_monitoring,cash_loan,31-60,regular_flow,all,all,collection_contact_optimizer,10593,,7247.0,2080.0,0.1964,,,,,,,,,,,,0.2913,0.1638,0.2573,0.1408,0.0847,0.0074,normal,False
2026-04-29,2026-04,process_monitoring,cash_loan,31-60,regular_flow,all,all,all,12158,11719.0,,,,0.1852,,0.5042,0.4731,0.7201,0.1901,0.0079,0.0167,0.0013,0.0355,0.0362,,,,,,,normal,False
2026-04-29,2026-04,process_monitoring,cash_loan,61-90,new_high_risk,all,all,all,1871,1795.0,,,,0.2354,,0.5516,0.5497,0.7792,0.2146,0.0095,0.0245,0.0025,0.033,0.0497,,,,,,,normal,False
2026-04-29,2026-04,process_monitoring,credit_card,1-30,regular_flow,all,all,all,5121,4867.0,,,,0.1368,,0.4512,0.4519,0.6914,0.1529,0.0123,0.0206,0.0033,0.0346,0.0386,,,,,,,normal,False
2026-04-30,2026-04,data_quality_monitoring,cash_loan,31-60,base,collection_score_v1,1.0,all,8622,8414.0,,,,,,0.5012,0.497,0.7228,,0.0069,0.0208,0.003,0.0325,0.0405,,,,,,0.0078,normal,False
2026-04-30,2026-04,model_monitoring,credit_card,31-60,base,collection_score_v1,1.0,all,9510,9333.0,,,,0.1715,0.4283,0.5128,0.5156,0.7478,0.2021,0.0073,0.0173,0.002,0.0281,0.0476,,,,,,,normal,False
2026-04-30,2026-04,optimizer_monitoring,cash_loan,31-60,regular_flow,all,all,collection_contact_optimizer,11183,,7698.0,2330.0,0.2084,,,,,,,,,,,,0.3118,0.1589,0.2336,0.1389,0.1041,0.0081,normal,False
2026-04-30,2026-04,process_monitoring,cash_loan,31-60,regular_flow,all,all,all,12490,12052.0,,,,0.1801,,0.4988,0.4822,0.7237,0.1922,0.009,0.0226,0.0025,0.0271,0.0422,,,,,,,normal,False
2026-04-30,2026-04,process_monitoring,cash_loan,61-90,new_high_risk,all,all,all,1621,1513.0,,,,0.2378,,0.563,0.5461,0.7974,0.2201,0.0119,0.0225,0.0035,0.0414,0.0518,,,,,,,normal,False
2026-04-30,2026-04,process_monitoring,credit_card,1-30,regular_flow,all,all,all,5101,4875.0,,,,0.1448,,0.4566,0.4593,0.6983,0.1629,0.0079,0.019,0.0028,0.0375,0.0405,,,,,,,normal,False
2026-05-01,2026-05,data_quality_monitoring,cash_loan,31-60,base,collection_score_v1,1.0,all,8802,8522.0,,,,,,0.4987,0.4855,0.7347,,0.0091,0.0229,0.0032,0.0315,0.0348,,,,,,0.0034,normal,False
2026-05-01,2026-05,model_monitoring,credit_card,31-60,base,collection_score_v1,1.0,all,9224,9025.0,,,,0.1727,0.4263,0.4987,0.5047,0.759,0.1998,0.004,0.0164,0.0013,0.0415,0.0406,,,,,,,normal,False
2026-05-01,2026-05,optimizer_monitoring,cash_loan,31-60,regular_flow,all,all,collection_contact_optimizer,11063,,7260.0,2181.0,0.1971,,,,,,,,,,,,0.2957,0.1546,0.2626,0.1298,0.0928,0.0122,normal,False
2026-05-01,2026-05,process_monitoring,cash_loan,31-60,regular_flow,all,all,all,11954,11511.0,,,,0.1826,,0.495,0.4797,0.7216,0.1829,0.0047,0.0183,0.0022,0.041,0.0479,,,,,,,normal,False
2026-05-01,2026-05,process_monitoring,cash_loan,61-90,new_high_risk,all,all,all,1935,1835.0,,,,0.2394,,0.5727,0.5472,0.758,0.223,0.009,0.0221,0.0029,0.0386,0.049,,,,,,,normal,False
2026-05-01,2026-05,process_monitoring,credit_card,1-30,regular_flow,all,all,all,15500,14700.0,,,,0.185,,0.4572,0.4538,0.7128,0.1574,0.0107,0.0192,0.0025,0.0439,0.0395,,,,,,,credit_card_batch_inflow,True
2026-05-02,2026-05,data_quality_monitoring,cash_loan,31-60,base,collection_score_v1,1.0,all,8880,8586.0,,,,,,0.4969,0.4993,0.7353,,0.01,0.0186,0.0027,0.0366,0.0435,,,,,,0.0041,normal,False
2026-05-02,2026-05,model_monitoring,credit_card,31-60,base,collection_score_v1,1.0,all,9427,9253.0,,,,0.1667,0.4275,0.5106,0.507,0.7452,0.1908,0.0041,0.0125,0.0015,0.0392,0.0391,,,,,,,normal,False
2026-05-02,2026-05,optimizer_monitoring,cash_loan,31-60,regular_flow,all,all,collection_contact_optimizer,11008,,7508.0,2022.0,0.1837,,,,,,,,,,,,0.3061,0.1583,0.2645,0.1347,0.1011,0.0099,normal,False
2026-05-02,2026-05,process_monitoring,cash_loan,31-60,regular_flow,all,all,all,12352,11888.0,,,,0.1707,,0.4751,0.4778,0.7324,0.1874,0.0082,0.0203,0.0031,0.0321,0.0399,,,,,,,normal,False
2026-05-02,2026-05,process_monitoring,cash_loan,61-90,new_high_risk,all,all,all,1743,1656.0,,,,0.2429,,0.5522,0.5559,0.7874,0.2356,0.0094,0.0211,0.0035,0.0441,0.0423,,,,,,,normal,False
2026-05-02,2026-05,process_monitoring,credit_card,1-30,regular_flow,all,all,all,5065,4857.0,,,,0.1339,,0.4682,0.4419,0.6909,0.1488,0.0076,0.018,0.0032,0.045,0.0444,,,,,,,normal,False
2026-05-03,2026-05,data_quality_monitoring,cash_loan,31-60,base,collection_score_v1,1.0,all,9024,8746.0,,,,,,0.5073,0.4839,0.717,,0.0112,0.0219,0.0033,0.037,0.0381,,,,,,0.0058,normal,False
2026-05-03,2026-05,model_monitoring,credit_card,31-60,base,collection_score_v1,1.0,all,9461,9322.0,,,,0.1691,0.4192,0.5233,0.5048,0.7494,0.1981,0.0071,0.0139,0.0025,0.0427,0.0462,,,,,,,normal,False
2026-05-03,2026-05,optimizer_monitoring,cash_loan,31-60,regular_flow,all,all,collection_contact_optimizer,10989,,7438.0,2154.0,0.196,,,,,,,,,,,,0.3162,0.1496,0.254,0.1299,0.0995,0.0091,normal,False
2026-05-03,2026-05,process_monitoring,cash_loan,31-60,regular_flow,all,all,all,11973,11534.0,,,,0.1855,,0.49,0.4865,0.7144,0.1946,0.0069,0.0202,0.0031,0.0344,0.029,,,,,,,normal,False
2026-05-03,2026-05,process_monitoring,cash_loan,61-90,new_high_risk,all,all,all,1809,1715.0,,,,0.237,,0.5737,0.5517,0.7872,0.2207,0.0091,0.022,0.0039,0.0428,0.0364,,,,,,,normal,False
2026-05-03,2026-05,process_monitoring,credit_card,1-30,regular_flow,all,all,all,5179,4905.0,,,,0.1449,,0.4644,0.452,0.6991,0.1524,0.0108,0.0218,0.0039,0.0418,0.0495,,,,,,,normal,False
2026-05-04,2026-05,data_quality_monitoring,cash_loan,31-60,base,collection_score_v1,1.0,all,8985,8722.0,,,,,,0.5083,0.4837,0.7221,,0.0096,0.0225,0.0021,0.0267,0.0449,,,,,,0.0044,normal,False
2026-05-04,2026-05,model_monitoring,credit_card,31-60,base,collection_score_v1,1.0,all,9612,9395.0,,,,0.1786,0.4328,0.515,0.4887,0.7434,0.2062,0.0063,0.0112,0.0024,0.0373,0.0521,,,,,,,normal,False
2026-05-04,2026-05,optimizer_monitoring,cash_loan,31-60,regular_flow,all,all,collection_contact_optimizer,10913,,7346.0,2020.0,0.1851,,,,,,,,,,,,0.2999,0.1656,0.2438,0.1499,0.0966,0.0086,normal,False
2026-05-04,2026-05,process_monitoring,cash_loan,31-60,regular_flow,all,all,all,11457,10902.0,,,,0.1834,,0.5015,0.4919,0.7229,0.1903,0.01,0.0214,0.0026,0.0303,0.041,,,,,,,normal,False
2026-05-04,2026-05,process_monitoring,cash_loan,61-90,new_high_risk,all,all,all,1765,1690.0,,,,0.2469,,0.5521,0.5577,0.7792,0.222,0.0107,0.024,0.003,0.0471,0.0465,,,,,,,normal,False
2026-05-04,2026-05,process_monitoring,credit_card,1-30,regular_flow,all,all,all,5270,5018.0,,,,0.1328,,0.4638,0.4682,0.6958,0.1574,0.0093,0.0199,0.0032,0.0359,0.0402,,,,,,,normal,False
2026-05-05,2026-05,data_quality_monitoring,cash_loan,31-60,base,collection_score_v1,1.0,all,9244,8949.0,,,,,,0.5034,0.4883,0.7329,,0.0131,0.0215,0.0018,0.0373,0.0474,,,,,,0.0048,normal,False
2026-05-05,2026-05,model_monitoring,credit_card,31-60,base,collection_score_v1,1.0,all,9467,9290.0,,,,0.166,0.4258,0.5076,0.49,0.7466,0.2006,0.0056,0.0145,0.002,0.0367,0.0485,,,,,,,normal,False
2026-05-05,2026-05,optimizer_monitoring,cash_loan,31-60,regular_flow,all,all,collection_contact_optimizer,11219,,7462.0,2181.0,0.1944,,,,,,,,,,,,0.3011,0.1495,0.2481,0.1477,0.0905,0.0074,normal,False
2026-05-05,2026-05,process_monitoring,cash_loan,31-60,regular_flow,all,all,all,12399,11895.0,,,,0.1854,,0.5017,0.4735,0.7197,0.1905,0.0065,0.0179,0.002,0.0407,0.046,,,,,,,normal,False
2026-05-05,2026-05,process_monitoring,cash_loan,61-90,new_high_risk,all,all,all,1750,1657.0,,,,0.2415,,0.5791,0.5415,0.7629,0.2277,0.0088,0.022,0.0026,0.0413,0.0402,,,,,,,normal,False
2026-05-05,2026-05,process_monitoring,credit_card,1-30,regular_flow,all,all,all,5238,4967.0,,,,0.1391,,0.4653,0.4453,0.6953,0.1496,0.0075,0.0181,0.0039,0.0392,0.0532,,,,,,,normal,False
2026-05-06,2026-05,data_quality_monitoring,cash_loan,31-60,base,collection_score_v1,1.0,all,8855,8612.0,,,,,,0.4942,0.4776,0.7382,,0.0123,0.0231,0.0027,0.0342,0.0445,,,,,,0.0054,normal,False
2026-05-06,2026-05,model_monitoring,credit_card,31-60,base,collection_score_v1,1.0,all,9469,9331.0,,,,0.1649,0.423,0.5009,0.5121,0.7463,0.1999,0.0056,0.0131,0.0019,0.0523,0.052,,,,,,,normal,False
2026-05-06,2026-05,optimizer_monitoring,cash_loan,31-60,regular_flow,all,all,collection_contact_optimizer,10913,,7433.0,2041.0,0.187,,,,,,,,,,,,0.3086,0.1528,0.2551,0.142,0.1038,0.0117,normal,False
2026-05-06,2026-05,process_monitoring,cash_loan,31-60,regular_flow,all,all,all,11731,11327.0,,,,0.1838,,0.494,0.4812,0.7231,0.1848,0.0093,0.0158,0.0024,0.0409,0.0411,,,,,,,normal,False
2026-05-06,2026-05,process_monitoring,cash_loan,61-90,new_high_risk,all,all,all,1767,1679.0,,,,0.2408,,0.5683,0.5413,0.7816,0.2277,0.0074,0.0224,0.0026,0.0381,0.0405,,,,,,,normal,False
2026-05-06,2026-05,process_monitoring,credit_card,1-30,regular_flow,all,all,all,5188,4924.0,,,,0.1416,,0.4371,0.4524,0.689,0.1497,0.0101,0.0199,0.0023,0.0393,0.0453,,,,,,,normal,False
2026-05-07,2026-05,data_quality_monitoring,cash_loan,31-60,base,collection_score_v1,1.0,all,8766,8480.0,,,,,,0.4974,0.4871,0.7257,,0.01,0.0184,0.002,0.0389,0.0445,,,,,,0.0058,normal,False
2026-05-07,2026-05,model_monitoring,credit_card,31-60,base,collection_score_v1,1.0,all,9600,9400.0,,,,0.1723,0.4261,0.5082,0.5068,0.757,0.1951,0.0051,0.0152,0.0027,0.0304,0.0464,,,,,,,normal,False
2026-05-07,2026-05,optimizer_monitoring,cash_loan,31-60,regular_flow,all,all,collection_contact_optimizer,10661,,7321.0,2157.0,0.2023,,,,,,,,,,,,0.2918,0.1601,0.2491,0.1511,0.1096,0.0067,normal,False
2026-05-07,2026-05,process_monitoring,cash_loan,31-60,regular_flow,all,all,all,11819,11388.0,,,,0.1778,,0.4844,0.4654,0.734,0.195,0.0092,0.0199,0.0023,0.0338,0.0392,,,,,,,normal,False
2026-05-07,2026-05,process_monitoring,cash_loan,61-90,new_high_risk,all,all,all,1751,1664.0,,,,0.2401,,0.5595,0.5454,0.776,0.2289,0.0098,0.0204,0.0027,0.0455,0.0484,,,,,,,normal,False
2026-05-07,2026-05,process_monitoring,credit_card,1-30,regular_flow,all,all,all,4908,4652.0,,,,0.1505,,0.4644,0.4463,0.6942,0.1449,0.0113,0.0187,0.0033,0.0453,0.0469,,,,,,,normal,False
2026-05-08,2026-05,data_quality_monitoring,cash_loan,31-60,base,collection_score_v1,1.0,all,8858,8606.0,,,,,,0.5021,0.4963,0.736,,0.0123,0.02,0.0032,0.0376,0.0408,,,,,,0.0046,normal,False
2026-05-08,2026-05,model_monitoring,credit_card,31-60,base,collection_score_v1,1.0,all,9273,9101.0,,,,0.225,0.31,0.514,0.4871,0.7446,0.1946,0.0041,0.0152,0.0011,0.18,0.0423,,,,,,,model_gini_drop,False
2026-05-08,2026-05,optimizer_monitoring,cash_loan,31-60,regular_flow,all,all,collection_contact_optimizer,10926,,7475.0,2113.0,0.1934,,,,,,,,,,,,0.2992,0.156,0.2447,0.1327,0.1049,0.0102,normal,False
2026-05-08,2026-05,process_monitoring,cash_loan,31-60,regular_flow,all,all,all,12648,12191.0,,,,0.176,,0.4939,0.4791,0.7244,0.1914,0.0098,0.0182,0.0019,0.0405,0.0429,,,,,,,normal,False
2026-05-08,2026-05,process_monitoring,cash_loan,61-90,new_high_risk,all,all,all,1888,1784.0,,,,0.2479,,0.5595,0.551,0.7769,0.2147,0.0078,0.0233,0.0025,0.0553,0.0396,,,,,,,normal,False
2026-05-08,2026-05,process_monitoring,credit_card,1-30,regular_flow,all,all,all,5035,4801.0,,,,0.1373,,0.4516,0.4455,0.6844,0.1539,0.0105,0.0197,0.0039,0.0468,0.0462,,,,,,,normal,False
2026-05-09,2026-05,data_quality_monitoring,cash_loan,31-60,base,collection_score_v1,1.0,all,9071,8825.0,,,,,,0.5082,0.4818,0.736,,0.0094,0.0125,0.0015,0.0299,0.0432,,,,,,0.0051,normal,False
2026-05-09,2026-05,model_monitoring,credit_card,31-60,base,collection_score_v1,1.0,all,9364,9099.0,,,,0.1629,0.4385,0.5072,0.4947,0.7631,0.2063,0.006,0.0144,0.0019,0.0411,0.053,,,,,,,normal,False
2026-05-09,2026-05,optimizer_monitoring,cash_loan,31-60,regular_flow,all,all,collection_contact_optimizer,11040,,7367.0,2380.0,0.2156,,,,,,,,,,,,0.2998,0.1618,0.2441,0.1402,0.092,0.0128,normal,False
2026-05-09,2026-05,process_monitoring,cash_loan,31-60,regular_flow,all,all,all,11775,11237.0,,,,0.1841,,0.4857,0.4767,0.7203,0.1969,0.008,0.0156,0.0023,0.0326,0.0494,,,,,,,normal,False
2026-05-09,2026-05,process_monitoring,cash_loan,61-90,new_high_risk,all,all,all,1749,1654.0,,,,0.2366,,0.5672,0.5564,0.7825,0.2119,0.0095,0.0205,0.0035,0.0459,0.0503,,,,,,,normal,False
2026-05-09,2026-05,process_monitoring,credit_card,1-30,regular_flow,all,all,all,5345,5077.0,,,,0.1311,,0.4629,0.4656,0.7042,0.1592,0.0075,0.0218,0.0026,0.0411,0.0386,,,,,,,normal,False
2026-05-10,2026-05,data_quality_monitoring,cash_loan,31-60,base,collection_score_v1,1.0,all,8892,8662.0,,,,,,0.5027,0.4757,0.7202,,0.013,0.0212,0.0025,0.0341,0.0401,,,,,,0.0057,normal,False
2026-05-10,2026-05,model_monitoring,credit_card,31-60,base,collection_score_v1,1.0,all,9221,9029.0,,,,0.1681,0.4182,0.5174,0.4981,0.7559,0.2118,0.0056,0.0142,0.002,0.0449,0.0422,,,,,,,normal,False
2026-05-10,2026-05,optimizer_monitoring,cash_loan,31-60,regular_flow,all,all,collection_contact_optimizer,10701,,7305.0,2068.0,0.1933,,,,,,,,,,,,0.2992,0.1634,0.2402,0.1421,0.1055,0.011,normal,False
2026-05-10,2026-05,process_monitoring,cash_loan,31-60,regular_flow,all,all,all,11822,11397.0,,,,0.1798,,0.4898,0.4753,0.721,0.1919,0.0068,0.0177,0.0017,0.0465,0.0396,,,,,,,normal,False
2026-05-10,2026-05,process_monitoring,cash_loan,61-90,new_high_risk,all,all,all,1797,1706.0,,,,0.252,,0.5561,0.5439,0.7691,0.234,0.0112,0.0213,0.0037,0.0434,0.0548,,,,,,,normal,False
2026-05-10,2026-05,process_monitoring,credit_card,1-30,regular_flow,all,all,all,5565,5329.0,,,,0.1392,,0.4621,0.4394,0.686,0.1511,0.0114,0.0204,0.0038,0.0432,0.0531,,,,,,,normal,False
2026-05-11,2026-05,data_quality_monitoring,cash_loan,31-60,base,collection_score_v1,1.0,all,9125,8808.0,,,,,,0.4937,0.4911,0.7378,,0.0125,0.018,0.0037,0.0311,0.051,,,,,,0.0039,normal,False
2026-05-11,2026-05,model_monitoring,credit_card,31-60,base,collection_score_v1,1.0,all,9217,9053.0,,,,0.1751,0.4249,0.5099,0.4879,0.7399,0.2052,0.0055,0.0128,0.0021,0.0374,0.0426,,,,,,,normal,False
2026-05-11,2026-05,optimizer_monitoring,cash_loan,31-60,regular_flow,all,all,collection_contact_optimizer,11292,,7905.0,2199.0,0.1947,,,,,,,,,,,,0.3047,0.1539,0.2458,0.1447,0.1053,0.0099,normal,False
2026-05-11,2026-05,process_monitoring,cash_loan,31-60,regular_flow,all,all,all,12036,11551.0,,,,0.185,,0.489,0.4729,0.7161,0.1912,0.0074,0.019,0.0023,0.0394,0.0471,,,,,,,normal,False
2026-05-11,2026-05,process_monitoring,cash_loan,61-90,new_high_risk,all,all,all,1724,1639.0,,,,0.2524,,0.5614,0.5477,0.78,0.2215,0.0107,0.0262,0.0025,0.0443,0.046,,,,,,,normal,False
2026-05-11,2026-05,process_monitoring,credit_card,1-30,regular_flow,all,all,all,5182,4948.0,,,,0.1363,,0.4528,0.4494,0.6859,0.1443,0.0083,0.0191,0.0026,0.0384,0.0509,,,,,,,normal,False
2026-05-12,2026-05,data_quality_monitoring,cash_loan,31-60,base,collection_score_v1,1.0,all,8896,8601.0,,,,,,0.5187,0.4882,0.7183,,0.0086,0.0198,0.0034,0.0378,0.0441,,,,,,0.0044,normal,False
2026-05-12,2026-05,model_monitoring,credit_card,31-60,base,collection_score_v1,1.0,all,10045,9837.0,,,,0.171,0.4276,0.5126,0.5058,0.7491,0.2089,0.0062,0.0155,0.0016,0.0421,0.0443,,,,,,,normal,False
2026-05-12,2026-05,optimizer_monitoring,cash_loan,31-60,regular_flow,all,all,collection_contact_optimizer,11074,,7461.0,2137.0,0.193,,,,,,,,,,,,0.2927,0.1529,0.2585,0.1441,0.1049,0.0101,normal,False
2026-05-12,2026-05,process_monitoring,cash_loan,31-60,regular_flow,all,all,all,12011,11468.0,,,,0.1767,,0.4919,0.4897,0.7329,0.1947,0.0084,0.0195,0.0017,0.0342,0.0359,,,,,,,normal,False
2026-05-12,2026-05,process_monitoring,cash_loan,61-90,new_high_risk,all,all,all,1811,1727.0,,,,0.2367,,0.5604,0.545,0.7753,0.2133,0.0119,0.0241,0.0033,0.0499,0.0441,,,,,,,normal,False
2026-05-12,2026-05,process_monitoring,credit_card,1-30,regular_flow,all,all,all,5336,5035.0,,,,0.1413,,0.4615,0.4555,0.6949,0.1512,0.0098,0.0199,0.0032,0.0364,0.0468,,,,,,,normal,False
2026-05-13,2026-05,data_quality_monitoring,cash_loan,31-60,base,collection_score_v1,1.0,all,8686,8434.0,,,,,,0.4959,0.4836,0.7295,,0.0112,0.0156,0.0027,0.0425,0.0335,,,,,,0.0059,normal,False
2026-05-13,2026-05,model_monitoring,credit_card,31-60,base,collection_score_v1,1.0,all,9507,9315.0,,,,0.1728,0.4238,0.5171,0.5033,0.7395,0.206,0.0082,0.017,0.0026,0.0404,0.0367,,,,,,,normal,False
2026-05-13,2026-05,optimizer_monitoring,cash_loan,31-60,regular_flow,all,all,collection_contact_optimizer,10893,,7526.0,2226.0,0.2044,,,,,,,,,,,,0.3059,0.1655,0.2408,0.1467,0.0957,0.0105,normal,False
2026-05-13,2026-05,process_monitoring,cash_loan,31-60,regular_flow,all,all,all,12201,11721.0,,,,0.1825,,0.493,0.4721,0.708,0.1857,0.0088,0.0194,0.0013,0.0301,0.0364,,,,,,,normal,False
2026-05-13,2026-05,process_monitoring,cash_loan,61-90,new_high_risk,all,all,all,1877,1778.0,,,,0.2371,,0.5693,0.5476,0.7899,0.2226,0.0095,0.023,0.0032,0.0451,0.0423,,,,,,,normal,False
2026-05-13,2026-05,process_monitoring,credit_card,1-30,regular_flow,all,all,all,4882,4629.0,,,,0.1346,,0.4486,0.4434,0.6908,0.1441,0.0088,0.0221,0.0022,0.039,0.0501,,,,,,,normal,False
2026-05-14,2026-05,data_quality_monitoring,cash_loan,31-60,base,collection_score_v1,1.0,all,8915,8667.0,,,,,,0.68,0.67,0.88,,0.19,0.38,0.11,0.0378,0.29,,,,,,0.0059,empty_feature_vector,False
2026-05-14,2026-05,model_monitoring,credit_card,31-60,base,collection_score_v1,1.0,all,9428,9288.0,,,,0.1731,0.4267,0.5191,0.4948,0.7581,0.1932,0.0071,0.0142,0.0016,0.0389,0.0464,,,,,,,normal,False
2026-05-14,2026-05,optimizer_monitoring,cash_loan,31-60,regular_flow,all,all,collection_contact_optimizer,11214,,7683.0,2519.0,0.2246,,,,,,,,,,,,0.3039,0.1642,0.2419,0.1373,0.0975,0.0113,normal,False
2026-05-14,2026-05,process_monitoring,cash_loan,31-60,regular_flow,all,all,all,12067,11543.0,,,,0.1746,,0.497,0.4815,0.7292,0.1897,0.0059,0.0199,0.0018,0.0367,0.0368,,,,,,,normal,False
2026-05-14,2026-05,process_monitoring,cash_loan,61-90,new_high_risk,all,all,all,1830,1735.0,,,,0.2359,,0.5687,0.5474,0.7784,0.2177,0.0071,0.0197,0.0036,0.0295,0.0412,,,,,,,normal,False
2026-05-14,2026-05,process_monitoring,credit_card,1-30,regular_flow,all,all,all,5287,5066.0,,,,0.1365,,0.4573,0.4509,0.6802,0.1517,0.0114,0.019,0.0032,0.0263,0.0448,,,,,,,normal,False
2026-05-15,2026-05,data_quality_monitoring,cash_loan,31-60,base,collection_score_v1,1.0,all,8615,8363.0,,,,,,0.4935,0.4934,0.7197,,0.0101,0.0192,0.0032,0.0356,0.0385,,,,,,0.0035,normal,False
2026-05-15,2026-05,model_monitoring,credit_card,31-60,base,collection_score_v1,1.0,all,9597,9378.0,,,,0.1703,0.4325,0.5158,0.4944,0.7472,0.1865,0.0054,0.014,0.0016,0.0408,0.0447,,,,,,,normal,False
2026-05-15,2026-05,optimizer_monitoring,cash_loan,31-60,regular_flow,all,all,collection_contact_optimizer,10675,,7258.0,2085.0,0.1953,,,,,,,,,,,,0.2951,0.1638,0.2478,0.1342,0.0986,0.0105,normal,False
2026-05-15,2026-05,process_monitoring,cash_loan,31-60,regular_flow,all,all,all,11954,11517.0,,,,0.1794,,0.4846,0.4891,0.7262,0.1804,0.0075,0.0183,0.0024,0.0396,0.0414,,,,,,,normal,False
2026-05-15,2026-05,process_monitoring,cash_loan,61-90,new_high_risk,all,all,all,1897,1807.0,,,,0.2346,,0.547,0.5472,0.7869,0.2301,0.0112,0.0191,0.0029,0.0413,0.0459,,,,,,,normal,False
2026-05-15,2026-05,process_monitoring,credit_card,1-30,regular_flow,all,all,all,5224,4978.0,,,,0.1403,,0.4546,0.4479,0.6902,0.1498,0.0062,0.0192,0.003,0.0386,0.0438,,,,,,,normal,False
2026-05-16,2026-05,data_quality_monitoring,cash_loan,31-60,base,collection_score_v1,1.0,all,8727,8514.0,,,,,,0.4976,0.4908,0.7198,,0.0111,0.018,0.0031,0.0336,0.0516,,,,,,0.007,normal,False
2026-05-16,2026-05,model_monitoring,credit_card,31-60,base,collection_score_v1,1.0,all,9669,9479.0,,,,0.1749,0.43,0.5092,0.5075,0.7422,0.2141,0.0064,0.0158,0.0022,0.0494,0.049,,,,,,,normal,False
2026-05-16,2026-05,optimizer_monitoring,cash_loan,31-60,regular_flow,all,all,collection_contact_optimizer,11010,,7445.0,2207.0,0.2005,,,,,,,,,,,,0.3088,0.158,0.2466,0.1459,0.0973,0.0099,normal,False
2026-05-16,2026-05,process_monitoring,cash_loan,31-60,regular_flow,all,all,all,12084,11597.0,,,,0.1817,,0.4898,0.476,0.7076,0.1869,0.0064,0.0145,0.0016,0.0298,0.0429,,,,,,,normal,False
2026-05-16,2026-05,process_monitoring,cash_loan,61-90,new_high_risk,all,all,all,1739,1659.0,,,,0.2484,,0.5639,0.5497,0.7602,0.2079,0.0102,0.0213,0.0023,0.0403,0.0456,,,,,,,normal,False
2026-05-16,2026-05,process_monitoring,credit_card,1-30,regular_flow,all,all,all,5538,5277.0,,,,0.1364,,0.4579,0.4351,0.6856,0.152,0.0102,0.0186,0.0036,0.0324,0.0388,,,,,,,normal,False
2026-05-17,2026-05,data_quality_monitoring,cash_loan,31-60,base,collection_score_v1,1.0,all,9101,8819.0,,,,,,0.5093,0.4945,0.7205,,0.0103,0.0249,0.0029,0.0372,0.0433,,,,,,0.004,normal,False
2026-05-17,2026-05,model_monitoring,credit_card,31-60,base,collection_score_v1,1.0,all,9631,9446.0,,,,0.1704,0.4286,0.5015,0.4933,0.7477,0.2012,0.0074,0.0149,0.0024,0.0454,0.0438,,,,,,,normal,False
2026-05-17,2026-05,optimizer_monitoring,cash_loan,31-60,regular_flow,all,all,collection_contact_optimizer,11112,,7486.0,2098.0,0.1888,,,,,,,,,,,,0.3086,0.1621,0.2476,0.1427,0.0997,0.01,normal,False
2026-05-17,2026-05,process_monitoring,cash_loan,31-60,regular_flow,all,all,all,11588,11157.0,,,,0.1858,,0.4832,0.4819,0.7125,0.1886,0.0092,0.0182,0.0013,0.0284,0.0331,,,,,,,normal,False
2026-05-17,2026-05,process_monitoring,cash_loan,61-90,new_high_risk,all,all,all,1974,1882.0,,,,0.2293,,0.5582,0.5591,0.7802,0.217,0.0113,0.0239,0.0038,0.0444,0.0504,,,,,,,normal,False
2026-05-17,2026-05,process_monitoring,credit_card,1-30,regular_flow,all,all,all,5326,5072.0,,,,0.1483,,0.4709,0.4348,0.7028,0.1547,0.0067,0.0194,0.0037,0.0428,0.0385,,,,,,,normal,False
2026-05-18,2026-05,data_quality_monitoring,cash_loan,31-60,base,collection_score_v1,1.0,all,9083,8841.0,,,,,,0.5051,0.4955,0.7329,,0.0099,0.0182,0.0017,0.0367,0.0411,,,,,,0.0056,normal,False
2026-05-18,2026-05,model_monitoring,credit_card,31-60,base,collection_score_v1,1.0,all,9454,9258.0,,,,0.1716,0.4335,0.5042,0.505,0.7509,0.1937,0.0058,0.0178,0.0027,0.0436,0.039,,,,,,,normal,False
2026-05-18,2026-05,optimizer_monitoring,cash_loan,31-60,regular_flow,all,all,collection_contact_optimizer,10705,,7499.0,2196.0,0.2051,,,,,,,,,,,,0.3006,0.1596,0.2525,0.1522,0.0949,0.0104,normal,False
2026-05-18,2026-05,process_monitoring,cash_loan,31-60,regular_flow,all,all,all,12170,11667.0,,,,0.1737,,0.4826,0.4925,0.7231,0.1821,0.0057,0.0178,0.0028,0.0341,0.0465,,,,,,,normal,False
2026-05-18,2026-05,process_monitoring,cash_loan,61-90,new_high_risk,all,all,all,1803,1709.0,,,,0.2368,,0.5728,0.5584,0.7732,0.2234,0.0089,0.0196,0.0036,0.0315,0.0496,,,,,,,normal,False
2026-05-18,2026-05,process_monitoring,credit_card,1-30,regular_flow,all,all,all,5069,4824.0,,,,0.1419,,0.4493,0.4575,0.687,0.1543,0.0078,0.0204,0.0032,0.0392,0.047,,,,,,,normal,False
2026-05-19,2026-05,data_quality_monitoring,cash_loan,31-60,base,collection_score_v1,1.0,all,9227,8958.0,,,,,,0.4906,0.4791,0.7433,,0.0098,0.0181,0.0028,0.0276,0.0485,,,,,,0.0046,normal,False
2026-05-19,2026-05,model_monitoring,credit_card,31-60,base,collection_score_v1,1.0,all,9488,9355.0,,,,0.1702,0.4244,0.5186,0.5044,0.7558,0.206,0.0053,0.0147,0.0019,0.0335,0.0437,,,,,,,normal,False
2026-05-19,2026-05,optimizer_monitoring,cash_loan,31-60,regular_flow,all,all,collection_contact_optimizer,11300,,7845.0,2264.0,0.2004,,,,,,,,,,,,0.3021,0.1651,0.2558,0.1437,0.1017,0.0095,normal,False
2026-05-19,2026-05,process_monitoring,cash_loan,31-60,regular_flow,all,all,all,11792,11383.0,,,,0.1872,,0.4936,0.477,0.7399,0.1874,0.0071,0.0145,0.0027,0.0398,0.0521,,,,,,,normal,False
2026-05-19,2026-05,process_monitoring,cash_loan,61-90,new_high_risk,all,all,all,1795,1700.0,,,,0.2307,,0.5669,0.5595,0.7737,0.2221,0.0096,0.0227,0.0026,0.0356,0.0503,,,,,,,normal,False
2026-05-19,2026-05,process_monitoring,credit_card,1-30,regular_flow,all,all,all,5101,4810.0,,,,0.1458,,0.4606,0.4564,0.6752,0.1573,0.0102,0.0199,0.0034,0.0362,0.0421,,,,,,,normal,False
2026-05-20,2026-05,data_quality_monitoring,cash_loan,31-60,base,collection_score_v1,1.0,all,8969,8721.0,,,,,,0.499,0.4881,0.7338,,0.0113,0.0196,0.0031,0.0311,0.0348,,,,,,0.0058,normal,False
2026-05-20,2026-05,model_monitoring,credit_card,31-60,base,collection_score_v1,1.0,all,9261,9111.0,,,,0.1668,0.4258,0.5088,0.4926,0.7402,0.1997,0.0051,0.0135,0.0017,0.0426,0.0438,,,,,,,normal,False
2026-05-20,2026-05,optimizer_monitoring,cash_loan,31-60,regular_flow,all,all,collection_contact_optimizer,11097,,7577.0,2259.0,0.2036,,,,,,,,,,,,0.3004,0.1642,0.2575,0.1455,0.0995,0.0128,normal,False
2026-05-20,2026-05,process_monitoring,cash_loan,31-60,regular_flow,all,all,all,12498,11998.0,,,,0.1816,,0.4866,0.4825,0.7186,0.1805,0.008,0.0158,0.0011,0.0357,0.0424,,,,,,,normal,False
2026-05-20,2026-05,process_monitoring,cash_loan,61-90,new_high_risk,all,all,all,4100,3950.0,,,,0.39,,0.74,0.73,0.93,0.49,0.0139,0.0247,0.0034,0.28,0.0353,,,,,,,new_high_risk_segment,False
2026-05-20,2026-05,process_monitoring,credit_card,1-30,regular_flow,all,all,all,5036,4797.0,,,,0.1423,,0.4445,0.4391,0.7078,0.1448,0.0099,0.0186,0.003,0.0368,0.0478,,,,,,,normal,False
2026-05-21,2026-05,data_quality_monitoring,cash_loan,31-60,base,collection_score_v1,1.0,all,8840,8542.0,,,,,,0.5032,0.4895,0.7149,,0.0108,0.0144,0.0023,0.0418,0.0509,,,,,,0.0038,normal,False
2026-05-21,2026-05,model_monitoring,credit_card,31-60,base,collection_score_v1,1.0,all,9554,9379.0,,,,0.1697,0.437,0.5165,0.5031,0.7574,0.2038,0.0056,0.0123,0.0022,0.0427,0.0505,,,,,,,normal,False
2026-05-21,2026-05,optimizer_monitoring,cash_loan,31-60,regular_flow,all,all,collection_contact_optimizer,10927,,7624.0,2189.0,0.2003,,,,,,,,,,,,0.2961,0.1571,0.2624,0.1378,0.1036,0.007,normal,False
2026-05-21,2026-05,process_monitoring,cash_loan,31-60,regular_flow,all,all,all,12059,11588.0,,,,0.1771,,0.4956,0.5028,0.717,0.1904,0.0073,0.017,0.0028,0.0316,0.0376,,,,,,,normal,False
2026-05-21,2026-05,process_monitoring,cash_loan,61-90,new_high_risk,all,all,all,1825,1726.0,,,,0.2391,,0.5661,0.5482,0.7755,0.2188,0.0081,0.0228,0.0019,0.0378,0.0488,,,,,,,normal,False
2026-05-21,2026-05,process_monitoring,credit_card,1-30,regular_flow,all,all,all,5313,5005.0,,,,0.137,,0.4463,0.4551,0.7152,0.1482,0.0065,0.0218,0.0026,0.0465,0.0436,,,,,,,normal,False
2026-05-22,2026-05,data_quality_monitoring,cash_loan,31-60,base,collection_score_v1,1.0,all,9014,8659.0,,,,,,0.4993,0.5092,0.7369,,0.0084,0.0218,0.0025,0.0282,0.0379,,,,,,0.0051,normal,False
2026-05-22,2026-05,model_monitoring,credit_card,31-60,base,collection_score_v1,1.0,all,9885,9682.0,,,,0.1669,0.4386,0.512,0.504,0.7489,0.1984,0.0058,0.0122,0.002,0.0415,0.0543,,,,,,,normal,False
2026-05-22,2026-05,optimizer_monitoring,cash_loan,31-60,regular_flow,all,all,collection_contact_optimizer,10588,,7200.0,2020.0,0.1908,,,,,,,,,,,,0.2967,0.1624,0.2403,0.1443,0.0941,0.0133,normal,False
2026-05-22,2026-05,process_monitoring,cash_loan,31-60,regular_flow,all,all,all,11955,11516.0,,,,0.1798,,0.4874,0.474,0.7182,0.1918,0.0095,0.0127,0.0016,0.0358,0.0395,,,,,,,normal,False
2026-05-22,2026-05,process_monitoring,cash_loan,61-90,new_high_risk,all,all,all,1705,1629.0,,,,0.2462,,0.5595,0.5483,0.777,0.2185,0.0113,0.0225,0.0031,0.0344,0.0402,,,,,,,normal,False
2026-05-22,2026-05,process_monitoring,credit_card,1-30,regular_flow,all,all,all,4901,4665.0,,,,0.1411,,0.4576,0.4458,0.6878,0.1557,0.0079,0.0199,0.0031,0.0478,0.0435,,,,,,,normal,False
2026-05-23,2026-05,data_quality_monitoring,cash_loan,31-60,base,collection_score_v1,1.0,all,8775,8433.0,,,,,,0.4983,0.4878,0.7248,,0.0104,0.0212,0.0032,0.0334,0.0334,,,,,,0.0057,normal,False
2026-05-23,2026-05,model_monitoring,credit_card,31-60,base,collection_score_v1,1.0,all,9615,9441.0,,,,0.1639,0.4286,0.4987,0.5171,0.7372,0.1948,0.005,0.012,0.0025,0.0521,0.0426,,,,,,,normal,False
2026-05-23,2026-05,optimizer_monitoring,cash_loan,31-60,regular_flow,all,all,collection_contact_optimizer,11002,,7568.0,2278.0,0.2071,,,,,,,,,,,,0.2886,0.1514,0.244,0.1337,0.1038,0.0107,normal,False
2026-05-23,2026-05,process_monitoring,cash_loan,31-60,regular_flow,all,all,all,11553,11167.0,,,,0.1813,,0.4945,0.4801,0.7118,0.1871,0.0062,0.0154,0.0022,0.0294,0.0416,,,,,,,normal,False
2026-05-23,2026-05,process_monitoring,cash_loan,61-90,new_high_risk,all,all,all,1837,1737.0,,,,0.2339,,0.5487,0.5313,0.7705,0.2238,0.0076,0.0193,0.0041,0.0368,0.0466,,,,,,,normal,False
2026-05-23,2026-05,process_monitoring,credit_card,1-30,regular_flow,all,all,all,5003,4720.0,,,,0.1412,,0.4561,0.4613,0.6929,0.1562,0.0079,0.0201,0.0024,0.0379,0.0437,,,,,,,normal,False
2026-05-24,2026-05,data_quality_monitoring,cash_loan,31-60,base,collection_score_v1,1.0,all,8939,8621.0,,,,,,0.4944,0.4856,0.721,,0.0109,0.0236,0.0024,0.0364,0.0338,,,,,,0.0047,normal,False
2026-05-24,2026-05,model_monitoring,credit_card,31-60,base,collection_score_v1,1.0,all,9313,9083.0,,,,0.1709,0.4314,0.5219,0.4953,0.7524,0.2016,0.0057,0.0165,0.0023,0.0416,0.0437,,,,,,,normal,False
2026-05-24,2026-05,optimizer_monitoring,cash_loan,31-60,regular_flow,all,all,collection_contact_optimizer,10848,,7303.0,2221.0,0.2047,,,,,,,,,,,,0.3081,0.1585,0.2448,0.1325,0.1013,0.0118,normal,False
2026-05-24,2026-05,process_monitoring,cash_loan,31-60,regular_flow,all,all,all,12285,11852.0,,,,0.1819,,0.4905,0.4918,0.7209,0.1882,0.0067,0.0194,0.0026,0.0347,0.0465,,,,,,,normal,False
2026-05-24,2026-05,process_monitoring,cash_loan,61-90,new_high_risk,all,all,all,1818,1720.0,,,,0.2359,,0.5705,0.5607,0.7847,0.2173,0.0096,0.0204,0.0024,0.0348,0.0419,,,,,,,normal,False
2026-05-24,2026-05,process_monitoring,credit_card,1-30,regular_flow,all,all,all,5271,4955.0,,,,0.1398,,0.4597,0.4442,0.7115,0.1497,0.0084,0.0201,0.0018,0.0362,0.0499,,,,,,,normal,False
2026-05-25,2026-05,data_quality_monitoring,cash_loan,31-60,base,collection_score_v1,1.0,all,8983,8727.0,,,,,,0.4962,0.494,0.733,,0.0117,0.0221,0.0034,0.0345,0.0415,,,,,,0.0061,normal,False
2026-05-25,2026-05,model_monitoring,credit_card,31-60,base,collection_score_v1,1.0,all,9375,9182.0,,,,0.1704,0.4291,0.5098,0.4899,0.7423,0.1993,0.0058,0.0139,0.0019,0.0403,0.0494,,,,,,,normal,False
2026-05-25,2026-05,optimizer_monitoring,cash_loan,31-60,regular_flow,all,all,collection_contact_optimizer,10856,,7401.0,2116.0,0.1949,,,,,,,,,,,,0.3033,0.1551,0.2494,0.1394,0.0889,0.0096,normal,False
2026-05-25,2026-05,process_monitoring,cash_loan,31-60,regular_flow,all,all,all,12071,11573.0,,,,0.1787,,0.4938,0.4733,0.7293,0.1922,0.0084,0.0194,0.0029,0.0359,0.0394,,,,,,,normal,False
2026-05-25,2026-05,process_monitoring,cash_loan,61-90,new_high_risk,all,all,all,1928,1838.0,,,,0.2392,,0.5616,0.5402,0.7758,0.2235,0.0109,0.0206,0.0031,0.051,0.0449,,,,,,,normal,False
2026-05-25,2026-05,process_monitoring,credit_card,1-30,regular_flow,all,all,all,5602,5364.0,,,,0.1439,,0.4574,0.45,0.6918,0.1518,0.007,0.0169,0.0025,0.0352,0.0418,,,,,,,normal,False
2026-05-26,2026-05,data_quality_monitoring,cash_loan,31-60,base,collection_score_v1,1.0,all,8890,8649.0,,,,,,0.493,0.4925,0.736,,0.0098,0.023,0.0028,0.0339,0.0341,,,,,,0.006,normal,False
2026-05-26,2026-05,model_monitoring,credit_card,31-60,base,collection_score_v1,1.0,all,9729,9577.0,,,,0.1701,0.4334,0.5139,0.4955,0.7544,0.196,0.0054,0.0173,0.0024,0.0365,0.0413,,,,,,,normal,False
2026-05-26,2026-05,optimizer_monitoring,cash_loan,31-60,regular_flow,all,all,collection_contact_optimizer,10831,,1350.0,9100.0,0.83,,,,,,,,,,,,0.03,0.02,0.04,0.02,0.01,0.18,optimizer_mass_reject,False
2026-05-26,2026-05,process_monitoring,cash_loan,31-60,regular_flow,all,all,all,11959,11422.0,,,,0.1767,,0.4691,0.4762,0.7168,0.1869,0.0097,0.0197,0.002,0.0331,0.0451,,,,,,,normal,False
2026-05-26,2026-05,process_monitoring,cash_loan,61-90,new_high_risk,all,all,all,1927,1837.0,,,,0.2441,,0.5635,0.5482,0.7851,0.221,0.0088,0.0257,0.0028,0.0439,0.0329,,,,,,,normal,False
2026-05-26,2026-05,process_monitoring,credit_card,1-30,regular_flow,all,all,all,5171,4911.0,,,,0.1367,,0.4463,0.4465,0.6968,0.1614,0.0091,0.0185,0.0023,0.0428,0.0362,,,,,,,normal,False
2026-05-27,2026-05,data_quality_monitoring,cash_loan,31-60,base,collection_score_v1,1.0,all,9360,9116.0,,,,,,0.5058,0.494,0.722,,0.0126,0.0175,0.0032,0.0268,0.0278,,,,,,0.0053,normal,False
2026-05-27,2026-05,model_monitoring,credit_card,31-60,base,collection_score_v1,1.0,all,9573,9391.0,,,,0.1616,0.4253,0.5184,0.5006,0.7387,0.2118,0.006,0.0158,0.0022,0.0382,0.0414,,,,,,,normal,False
2026-05-27,2026-05,optimizer_monitoring,cash_loan,31-60,regular_flow,all,all,collection_contact_optimizer,10821,,7416.0,1992.0,0.1841,,,,,,,,,,,,0.317,0.1683,0.2479,0.1401,0.1044,0.0122,normal,False
2026-05-27,2026-05,process_monitoring,cash_loan,31-60,regular_flow,all,all,all,11962,11465.0,,,,0.1857,,0.4753,0.4808,0.736,0.1893,0.0054,0.0172,0.0027,0.0369,0.0358,,,,,,,normal,False
2026-05-27,2026-05,process_monitoring,cash_loan,61-90,new_high_risk,all,all,all,1825,1737.0,,,,0.2343,,0.5518,0.5492,0.7845,0.2264,0.0109,0.0221,0.0026,0.0346,0.0424,,,,,,,normal,False
2026-05-27,2026-05,process_monitoring,credit_card,1-30,regular_flow,all,all,all,5821,5510.0,,,,0.1378,,0.4629,0.4607,0.6995,0.1523,0.007,0.0173,0.0033,0.0333,0.0439,,,,,,,normal,False
2026-05-28,2026-05,data_quality_monitoring,cash_loan,31-60,base,collection_score_v1,1.0,all,9256,8964.0,,,,,,0.502,0.4978,0.7263,,0.0117,0.018,0.0027,0.031,0.0421,,,,,,0.0062,normal,False
2026-05-28,2026-05,model_monitoring,credit_card,31-60,base,collection_score_v1,1.0,all,9495,9311.0,,,,0.172,0.4262,0.5203,0.4981,0.7465,0.2024,0.0042,0.0134,0.0024,0.0313,0.0506,,,,,,,normal,False
2026-05-28,2026-05,optimizer_monitoring,cash_loan,31-60,regular_flow,all,all,collection_contact_optimizer,10959,,7333.0,2080.0,0.1898,,,,,,,,,,,,0.3032,0.1711,0.2531,0.1377,0.1038,0.0095,normal,False
2026-05-28,2026-05,process_monitoring,cash_loan,31-60,regular_flow,all,all,all,11910,11459.0,,,,0.1795,,0.489,0.491,0.7297,0.1929,0.0106,0.0172,0.0028,0.0377,0.0564,,,,,,,normal,False
2026-05-28,2026-05,process_monitoring,cash_loan,61-90,new_high_risk,all,all,all,1827,1749.0,,,,0.243,,0.5616,0.5518,0.7793,0.2238,0.01,0.0203,0.0024,0.0362,0.0461,,,,,,,normal,False
2026-05-28,2026-05,process_monitoring,credit_card,1-30,regular_flow,all,all,all,5206,4914.0,,,,0.1372,,0.4634,0.4532,0.7076,0.1467,0.0104,0.0223,0.0034,0.0352,0.052,,,,,,,normal,False
2026-05-29,2026-05,data_quality_monitoring,cash_loan,31-60,base,collection_score_v1,1.0,all,9080,8828.0,,,,,,0.4876,0.5029,0.7205,,0.0131,0.0231,0.0034,0.0307,0.0409,,,,,,0.0045,normal,False
2026-05-29,2026-05,model_monitoring,credit_card,31-60,base,collection_score_v1,1.0,all,9494,9302.0,,,,0.1725,0.4267,0.5034,0.5212,0.7443,0.2005,0.0045,0.0152,0.0016,0.0378,0.0502,,,,,,,normal,False
2026-05-29,2026-05,optimizer_monitoring,cash_loan,31-60,regular_flow,all,all,collection_contact_optimizer,11006,,7259.0,2179.0,0.198,,,,,,,,,,,,0.309,0.1595,0.2461,0.1366,0.1018,0.0082,normal,False
2026-05-29,2026-05,process_monitoring,cash_loan,31-60,regular_flow,all,all,all,11901,11304.0,,,,0.1832,,0.4863,0.4767,0.7335,0.1857,0.007,0.0177,0.0022,0.0328,0.0321,,,,,,,normal,False
2026-05-29,2026-05,process_monitoring,cash_loan,61-90,new_high_risk,all,all,all,1926,1822.0,,,,0.2401,,0.56,0.5521,0.7988,0.222,0.0064,0.0227,0.003,0.0402,0.0462,,,,,,,normal,False
2026-05-29,2026-05,process_monitoring,credit_card,1-30,regular_flow,all,all,all,5027,4753.0,,,,0.1451,,0.4606,0.4536,0.6876,0.1467,0.0115,0.0196,0.0027,0.0455,0.0414,,,,,,,normal,False
2026-05-30,2026-05,data_quality_monitoring,cash_loan,31-60,base,collection_score_v1,1.0,all,9011,8723.0,,,,,,0.4929,0.4811,0.7296,,0.0091,0.0179,0.0041,0.0346,0.0476,,,,,,0.0045,normal,False
2026-05-30,2026-05,model_monitoring,credit_card,31-60,base,collection_score_v1,1.0,all,9375,9207.0,,,,0.1685,0.4283,0.5143,0.4886,0.7628,0.2009,0.0073,0.0128,0.0016,0.0342,0.0463,,,,,,,normal,False
2026-05-30,2026-05,optimizer_monitoring,cash_loan,31-60,regular_flow,all,all,collection_contact_optimizer,11053,,7328.0,2205.0,0.1995,,,,,,,,,,,,0.3114,0.1592,0.256,0.1355,0.0992,0.0083,normal,False
2026-05-30,2026-05,process_monitoring,cash_loan,31-60,regular_flow,all,all,all,11413,10947.0,,,,0.1754,,0.4907,0.4683,0.7118,0.1855,0.0093,0.0173,0.0018,0.0448,0.0418,,,,,,,normal,False
2026-05-30,2026-05,process_monitoring,cash_loan,61-90,new_high_risk,all,all,all,1846,1741.0,,,,0.2489,,0.567,0.5324,0.7664,0.2192,0.0093,0.0194,0.0042,0.0416,0.0474,,,,,,,normal,False
2026-05-30,2026-05,process_monitoring,credit_card,1-30,regular_flow,all,all,all,5273,5018.0,,,,0.1385,,0.4552,0.4325,0.6987,0.1522,0.0087,0.0197,0.0034,0.0322,0.0421,,,,,,,normal,False
2026-05-31,2026-05,data_quality_monitoring,cash_loan,31-60,base,collection_score_v1,1.0,all,9091,8817.0,,,,,,0.4978,0.507,0.7235,,0.0106,0.0177,0.0042,0.0394,0.0359,,,,,,0.0055,normal,False
2026-05-31,2026-05,model_monitoring,credit_card,31-60,base,collection_score_v1,1.0,all,9258,9084.0,,,,0.1724,0.4448,0.5056,0.4981,0.7454,0.2011,0.0064,0.0149,0.0024,0.0369,0.0499,,,,,,,normal,False
2026-05-31,2026-05,optimizer_monitoring,cash_loan,31-60,regular_flow,all,all,collection_contact_optimizer,11056,,7601.0,2165.0,0.1958,,,,,,,,,,,,0.3031,0.1613,0.2497,0.1426,0.1011,0.0101,normal,False
2026-05-31,2026-05,process_monitoring,cash_loan,31-60,regular_flow,all,all,all,12321,11895.0,,,,0.1846,,0.4961,0.4686,0.7144,0.184,0.0091,0.0183,0.0013,0.0341,0.0325,,,,,,,normal,False
2026-05-31,2026-05,process_monitoring,cash_loan,61-90,new_high_risk,all,all,all,1833,1717.0,,,,0.2398,,0.5518,0.5508,0.7703,0.2225,0.01,0.0248,0.003,0.0362,0.0438,,,,,,,normal,False
2026-05-31,2026-05,process_monitoring,credit_card,1-30,regular_flow,all,all,all,5256,4991.0,,,,0.1334,,0.4642,0.453,0.7072,0.1542,0.0084,0.0216,0.0022,0.0352,0.0467,,,,,,,normal,False
